"","code_spp","forearm_mm_est","forearm_mm_SE","Q5","Q95","Q10","Q90","Q20","Q80","trt","site","month","spp"
"1","bison bison_1 6 Canthon_pilularius",3.90753488627088,0.118086393143812,3.7079158909804,4.08854644597185,3.77545646341774,4.04303585130728,3.82724842165835,3.99238933027995,"bison","bison_1",6,"Canthon_pilularius"
"2","bison bison_1 7 Canthon_pilularius",4.23431366659363,0.340712236114714,3.69278758389917,4.77129514543399,3.8488179037054,4.67409045286539,3.99923178896382,4.47186774698162,"bison","bison_1",7,"Canthon_pilularius"
"3","bison bison_1 8 Canthon_pilularius",4.24840088750245,0.24673410738452,3.90823692585246,4.60312920161726,4.01030219379533,4.47267440932968,4.10517707353227,4.37157176008774,"bison","bison_1",8,"Canthon_pilularius"
"4","bison bison_2 6 Canthon_pilularius",3.90636952389092,1.11873961705787,2.17676877357392,5.60805371888529,2.73758693221146,5.12564040631832,3.21712020790806,4.65930353579514,"bison","bison_2",6,"Canthon_pilularius"
"5","bison bison_2 7 Canthon_pilularius",4.3262723227092,0.493584784342014,3.56309727122998,5.2847668035599,3.77547019482191,4.93027005159162,3.97522040785742,4.63990102387237,"bison","bison_2",7,"Canthon_pilularius"
"6","bison bison_2 8 Canthon_pilularius",4.23847974366267,0.297891485241489,3.75167583864187,4.78421273953774,3.89810436357214,4.60822929874748,4.02443395401153,4.44798877933081,"bison","bison_2",8,"Canthon_pilularius"
"7","bison bison_3 6 Canthon_pilularius",3.82945714725058,0.0985637846083538,3.66567585186137,3.97705749759821,3.71493019366182,3.94365119274036,3.76120614937625,3.90436361961234,"bison","bison_3",6,"Canthon_pilularius"
"8","bison bison_3 7 Canthon_pilularius",3.90044534873157,0.109730314468012,3.72702258526184,4.07015488796486,3.77392001738334,4.02530081997684,3.82135071616935,3.98127437693051,"bison","bison_3",7,"Canthon_pilularius"
"9","bison bison_3 8 Canthon_pilularius",3.96657122853637,0.16389856016109,3.51402082563192,4.17144603942902,3.80710939982202,4.12176710658698,3.89625316847901,4.07158270377475,"bison","bison_3",8,"Canthon_pilularius"
"10","cattle cattle_1 7 Canthon_pilularius",4.2608011845756,0.330581002799497,3.72830331855993,4.82369403648385,3.88064241722356,4.65913266974477,4.02729599943124,4.48756796969119,"cattle","cattle_1",7,"Canthon_pilularius"
"11","cattle cattle_1 8 Canthon_pilularius",4.08367747457079,0.182658924733115,3.81932586551921,4.50525727341723,3.9217083669449,4.33068534265589,3.98376632315055,4.16481860666213,"cattle","cattle_1",8,"Canthon_pilularius"
"12","cattle cattle_2 7 Canthon_pilularius",3.7737831973106,0.152965385716855,3.50654328137396,4.01873547286039,3.59055990598853,3.9543470434825,3.66416904940724,3.88390269016654,"cattle","cattle_2",7,"Canthon_pilularius"
"13","cattle cattle_2 8 Canthon_pilularius",3.83136780325683,0.127520142154092,3.62329614628897,4.0369412167508,3.68273205518215,3.98400165087453,3.7412756293411,3.92371890907919,"cattle","cattle_2",8,"Canthon_pilularius"
"14","cattle cattle_3 6 Canthon_pilularius",4.00371604090998,0.153638654611199,3.80756374972615,4.26897695839089,3.85719523323193,4.14313487059411,3.89772834259976,4.07836648653873,"cattle","cattle_3",6,"Canthon_pilularius"
"15","cattle cattle_3 7 Canthon_pilularius",3.92683951293845,0.16167216924112,3.67731669015606,4.20688656615589,3.75067616501608,4.10549091301273,3.815225987389,4.02834722165461,"cattle","cattle_3",7,"Canthon_pilularius"
"16","cattle cattle_3 8 Canthon_pilularius",4.15944126997081,0.117127365550762,3.97314512975063,4.33888165584254,4.03109462163603,4.2897615570158,4.08161245912478,4.24176319966235,"cattle","cattle_3",8,"Canthon_pilularius"
"17","trtpd trtpd_1 6 Canthon_pilularius",2.8983900108857,0.672349609724538,1.82080832011717,3.91069677737049,2.18186422986879,3.68580922369485,2.44324156453949,3.3422166243666,"trtpd","trtpd_1",6,"Canthon_pilularius"
"18","trtpd trtpd_1 7 Canthon_pilularius",3.05664656362692,1.28618864887728,0.999000639631892,5.20774462806084,1.44674674746307,4.65780140799541,2.03233117241258,4.04960738370219,"trtpd","trtpd_1",7,"Canthon_pilularius"
"19","trtpd trtpd_1 8 Canthon_pilularius",3.8393064156975,0.233296380705426,3.47637277181355,4.24721238647572,3.58138458699359,4.09768229527574,3.68396125010908,3.9928284432475,"trtpd","trtpd_1",8,"Canthon_pilularius"
"20","trtpd trtpd_2 6 Canthon_pilularius",4.12673913409834,0.616599551862791,3.28714314409555,5.00966348349001,3.58456305315149,4.68962960156311,3.82634750788648,4.41761763161618,"trtpd","trtpd_2",6,"Canthon_pilularius"
"21","trtpd trtpd_2 7 Canthon_pilularius",3.83514150204635,0.153532135755011,3.44183478252175,4.02533959885002,3.70607389122999,3.97111658283623,3.77129412996129,3.92560049391871,"trtpd","trtpd_2",7,"Canthon_pilularius"
"22","trtpd trtpd_2 8 Canthon_pilularius",3.94226489280663,0.149230206228416,3.69124773768375,4.1859948665016,3.77081063036553,4.12821739256549,3.84022300421716,4.04771262767625,"trtpd","trtpd_2",8,"Canthon_pilularius"
"23","trtpd trtpd_3 6 Canthon_pilularius",3.7009159783808,0.329106746294278,3.13564942248957,4.20344890849235,3.31506538568585,4.08176145706521,3.46715923215829,3.93529244716024,"trtpd","trtpd_3",6,"Canthon_pilularius"
"24","trtpd trtpd_3 7 Canthon_pilularius",3.51703931823199,0.270943259045668,3.05775778407612,3.94716477634872,3.20307815807067,3.82550059988056,3.33067886046152,3.7066569447748,"trtpd","trtpd_3",7,"Canthon_pilularius"
"25","trtpd trtpd_3 8 Canthon_pilularius",4.26185408644084,0.227413533583497,3.89790602310403,4.6445510390814,3.98870913657058,4.53720750443815,4.09072546671449,4.42497659322986,"trtpd","trtpd_3",8,"Canthon_pilularius"
"26","ungrazed ungrazed_1 6 Canthon_pilularius",4.1000990753283,0.171501086568504,3.82542522150085,4.36224064972626,3.91212238104341,4.28103628459462,3.98861812526405,4.2096595670659,"ungrazed","ungrazed_1",6,"Canthon_pilularius"
"27","ungrazed ungrazed_1 7 Canthon_pilularius",4.11079088124815,0.0981145838822209,3.95873598703243,4.26963022520576,3.99637289352878,4.22505772030102,4.03951809761778,4.1818442492051,"ungrazed","ungrazed_1",7,"Canthon_pilularius"
"28","ungrazed ungrazed_1 8 Canthon_pilularius",4.14709564843064,0.108886250017902,3.97155754980136,4.32088965882518,4.02148148957899,4.27179249896433,4.07119969802863,4.22362463778602,"ungrazed","ungrazed_1",8,"Canthon_pilularius"
"29","ungrazed ungrazed_2 6 Canthon_pilularius",4.33020147087459,0.595727648452731,3.37430135837543,5.32432562082018,3.60559206988325,5.07514740031203,3.89488365893976,4.7641993830637,"ungrazed","ungrazed_2",6,"Canthon_pilularius"
"30","ungrazed ungrazed_2 7 Canthon_pilularius",4.29624371477338,0.387378730413575,3.69942503603593,5.06682761305875,3.86060125013937,4.80554075095902,4.02143249833181,4.54987320847287,"ungrazed","ungrazed_2",7,"Canthon_pilularius"
"31","ungrazed ungrazed_2 8 Canthon_pilularius",4.3291502276829,0.404585779283721,3.58905448876154,4.99403634171267,3.85396873621413,4.76945169676619,4.06691883484123,4.5919317916917,"ungrazed","ungrazed_2",8,"Canthon_pilularius"
"32","ungrazed ungrazed_3 6 Canthon_pilularius",4.48328551440288,0.584839031645851,3.61459285626932,5.338987637188,3.86760826427572,5.10623392369523,4.12496273658784,4.87712035866194,"ungrazed","ungrazed_3",6,"Canthon_pilularius"
"33","ungrazed ungrazed_3 7 Canthon_pilularius",4.83904707419637,0.999574889780214,3.24271606715673,6.54444791841331,3.69433248507666,6.02079200418889,4.15655313953796,5.51489431558027,"ungrazed","ungrazed_3",7,"Canthon_pilularius"
"34","ungrazed ungrazed_3 8 Canthon_pilularius",4.68001839336011,0.524505527944682,3.81588777121013,5.43171417379662,4.05411886137679,5.24828627855992,4.35020275377322,5.04673425337429,"ungrazed","ungrazed_3",8,"Canthon_pilularius"
"35","untrtpd untrtpd_1 8 Canthon_pilularius",3.54812502008908,1.6809312166342,1.05057629361943,6.49414004844858,1.70530397120296,5.42267930451261,2.41776309008209,4.69276833347988,"untrtpd","untrtpd_1",8,"Canthon_pilularius"
"36","untrtpd untrtpd_2 6 Canthon_pilularius",3.83663950944033,0.17983792322421,3.63285216968966,4.30793472929079,3.67230785425178,4.00628301656147,3.72000145762565,3.90641892498056,"untrtpd","untrtpd_2",6,"Canthon_pilularius"
"37","untrtpd untrtpd_2 7 Canthon_pilularius",3.73353174479476,0.0976075974170909,3.57230786245904,3.89074606287287,3.61441286555416,3.85050429446987,3.66054695988136,3.80587743721603,"untrtpd","untrtpd_2",7,"Canthon_pilularius"
"38","untrtpd untrtpd_2 8 Canthon_pilularius",3.75028851059556,0.119617776123816,3.55361790900742,3.93967079029942,3.61032351264699,3.89158577627274,3.66540235202031,3.84022144555041,"untrtpd","untrtpd_2",8,"Canthon_pilularius"
"39","untrtpd untrtpd_3 6 Canthon_pilularius",4.01635369232933,0.255409327580795,3.60878778864675,4.4473457582752,3.71648259843752,4.3224216478007,3.83952650937419,4.19404627330165,"untrtpd","untrtpd_3",6,"Canthon_pilularius"
"40","untrtpd untrtpd_3 7 Canthon_pilularius",3.84065118585233,0.130868039152844,3.64668300034846,4.06221791905526,3.70053958503273,3.9905491344922,3.75340970610021,3.92586802605531,"untrtpd","untrtpd_3",7,"Canthon_pilularius"
"41","untrtpd untrtpd_3 8 Canthon_pilularius",3.89194988219434,0.152616274201373,3.6345268318624,4.13763987166747,3.71128295367868,4.07162441635247,3.78679678796878,3.99919627108484,"untrtpd","untrtpd_3",8,"Canthon_pilularius"
"42","bison bison_1 6 Onthophagus_nuchicornis_female",1.60725601637382,0.0905277588894564,1.44686574253756,1.75852589469462,1.49268746113386,1.71588445256633,1.54169077020539,1.67577638710887,"bison","bison_1",6,"Onthophagus_nuchicornis_female"
"43","bison bison_1 7 Onthophagus_nuchicornis_female",1.99043038951289,0.272652978798553,1.5890933085518,2.56290051215135,1.69439290527584,2.3141509795051,1.81172850007222,2.14550840211718,"bison","bison_1",7,"Onthophagus_nuchicornis_female"
"44","bison bison_1 8 Onthophagus_nuchicornis_female",1.71653051516216,2.11157365295394,-1.68795563011472,4.86784926351342,-0.638562705990399,4.06485692937714,0.347915867648157,3.14418047638871,"bison","bison_1",8,"Onthophagus_nuchicornis_female"
"45","bison bison_2 6 Onthophagus_nuchicornis_female",1.99100684599858,0.207376279437786,1.63626875507497,2.3275838105393,1.74601498631936,2.23998059940873,1.84229967090288,2.14355011802591,"bison","bison_2",6,"Onthophagus_nuchicornis_female"
"46","bison bison_2 7 Onthophagus_nuchicornis_female",2.05679664925666,0.106156166285807,1.89287366214719,2.22805348473559,1.93951081313665,2.17755590501858,1.98443199585056,2.12420244079209,"bison","bison_2",7,"Onthophagus_nuchicornis_female"
"47","bison bison_2 8 Onthophagus_nuchicornis_female",1.91915761775791,0.733304715776302,0.725183026005164,3.27520875742048,1.16329946275356,2.84263187922375,1.46978579647186,2.36599617578187,"bison","bison_2",8,"Onthophagus_nuchicornis_female"
"48","bison bison_3 6 Onthophagus_nuchicornis_female",1.76752969054247,0.128401395777691,1.6281696859166,2.04695645229981,1.65713640909326,2.03082583613842,1.68362057490651,1.81657095053884,"bison","bison_3",6,"Onthophagus_nuchicornis_female"
"49","bison bison_3 7 Onthophagus_nuchicornis_female",1.75124103835697,0.0579127126305317,1.66186571188963,1.84484352178398,1.68521832073518,1.81079873158861,1.70966270286607,1.79806769473491,"bison","bison_3",7,"Onthophagus_nuchicornis_female"
"50","bison bison_3 8 Onthophagus_nuchicornis_female",1.78901522444583,0.185242452162543,1.38212896267024,2.13013341392524,1.44855661312669,1.93482163096408,1.7344319992835,1.88559926172429,"bison","bison_3",8,"Onthophagus_nuchicornis_female"
"51","cattle cattle_1 6 Onthophagus_nuchicornis_female",2.03824103376974,0.582215392108169,1.20714026737825,3.01997629227157,1.44622071323655,2.65156398719124,1.72126443151233,2.33470195718778,"cattle","cattle_1",6,"Onthophagus_nuchicornis_female"
"52","cattle cattle_1 7 Onthophagus_nuchicornis_female",1.75462950202038,0.330501431802558,1.26430172681785,2.31355638886496,1.38637972136526,2.16419958354043,1.52959533885176,1.97844937475937,"cattle","cattle_1",7,"Onthophagus_nuchicornis_female"
"53","cattle cattle_1 8 Onthophagus_nuchicornis_female",1.46387870661319,1.36366151709234,-0.695508474495278,3.57773374216756,-0.0205866815610817,2.98395402082015,0.59037114220771,2.33530820819105,"cattle","cattle_1",8,"Onthophagus_nuchicornis_female"
"54","cattle cattle_2 6 Onthophagus_nuchicornis_female",2.53075521853095,1.44818422038947,0.226039171438808,4.66342271562641,0.923654058332246,4.3245212554114,1.45592182597139,3.95984990597755,"cattle","cattle_2",6,"Onthophagus_nuchicornis_female"
"55","cattle cattle_2 7 Onthophagus_nuchicornis_female",1.89807976553739,0.0534677934970287,1.80405155849539,1.97777740516519,1.8381353279183,1.95907774994568,1.86197636982382,1.93809348922481,"cattle","cattle_2",7,"Onthophagus_nuchicornis_female"
"56","cattle cattle_2 8 Onthophagus_nuchicornis_female",1.71824146868186,0.0858392128192221,1.58955393896028,1.84666637381532,1.61771632330232,1.8296110633341,1.65213099058864,1.78664626654891,"cattle","cattle_2",8,"Onthophagus_nuchicornis_female"
"57","cattle cattle_3 6 Onthophagus_nuchicornis_female",1.79596106405151,0.075534368673115,1.69102072457361,1.90770365415843,1.72045216754788,1.87712121361961,1.74991065201783,1.84611590307309,"cattle","cattle_3",6,"Onthophagus_nuchicornis_female"
"58","cattle cattle_3 7 Onthophagus_nuchicornis_female",1.69960161918305,0.133470769290539,1.48398443474326,1.86342176439276,1.59255386402945,1.82455643129306,1.64779353719402,1.77914695578786,"cattle","cattle_3",7,"Onthophagus_nuchicornis_female"
"59","cattle cattle_3 8 Onthophagus_nuchicornis_female",1.93200822399088,0.215766344206363,1.66720921720488,2.22747150955754,1.7389624387415,2.11106672017229,1.80905490490985,2.02581137673709,"cattle","cattle_3",8,"Onthophagus_nuchicornis_female"
"60","trtpd trtpd_1 6 Onthophagus_nuchicornis_female",1.87860520741204,0.178711406973063,1.56527101764499,2.17498427128917,1.66636845125959,2.09026678001842,1.7610053063965,1.99583463951219,"trtpd","trtpd_1",6,"Onthophagus_nuchicornis_female"
"61","trtpd trtpd_1 7 Onthophagus_nuchicornis_female",1.8796546760298,0.151398322777723,1.61840475399755,2.11799537509184,1.70706481708442,2.04758990043167,1.77973210355211,1.97824052957906,"trtpd","trtpd_1",7,"Onthophagus_nuchicornis_female"
"62","trtpd trtpd_1 8 Onthophagus_nuchicornis_female",2.01929258095064,0.656314528508116,0.909304398122349,3.03617252214493,1.30632270361073,2.77459959329722,1.66018565713874,2.42372050606005,"trtpd","trtpd_1",8,"Onthophagus_nuchicornis_female"
"63","trtpd trtpd_2 6 Onthophagus_nuchicornis_female",1.77680205304518,0.0579678176474202,1.68492756770115,1.87206633540527,1.70754847443612,1.84496381233504,1.73406779691399,1.81961974447906,"trtpd","trtpd_2",6,"Onthophagus_nuchicornis_female"
"64","trtpd trtpd_2 7 Onthophagus_nuchicornis_female",1.82158276431064,0.0907044040840436,1.71226464845202,2.04504714876739,1.73639994306771,2.00973525804783,1.7593717685674,1.8554479509781,"trtpd","trtpd_2",7,"Onthophagus_nuchicornis_female"
"65","trtpd trtpd_2 8 Onthophagus_nuchicornis_female",1.81748832769371,0.275685604047795,1.38335439732528,2.2520716946185,1.50825991393051,2.11657782410561,1.64187065513633,1.99153108055141,"trtpd","trtpd_2",8,"Onthophagus_nuchicornis_female"
"66","trtpd trtpd_3 6 Onthophagus_nuchicornis_female",1.79797782095498,0.156740770764263,1.56127345630875,2.02309263907,1.65046645088311,1.95676044665835,1.71696305615892,1.89399035554743,"trtpd","trtpd_3",6,"Onthophagus_nuchicornis_female"
"67","trtpd trtpd_3 7 Onthophagus_nuchicornis_female",1.69544630239119,0.196312612486371,1.42467437636672,1.95837972592285,1.51457870990441,1.87818811543279,1.58642560457384,1.79692476142443,"trtpd","trtpd_3",7,"Onthophagus_nuchicornis_female"
"68","trtpd trtpd_3 8 Onthophagus_nuchicornis_female",2.01833679973938,1.2835145591739,-0.248243111024591,4.0998199337945,0.518491439061267,3.48362864388449,1.19546832888597,2.89439434369966,"trtpd","trtpd_3",8,"Onthophagus_nuchicornis_female"
"69","ungrazed ungrazed_1 6 Onthophagus_nuchicornis_female",1.75049348059563,0.100085992521714,1.58434408789796,1.92106486014579,1.63901402011906,1.87545132064511,1.68197461728182,1.81906139478844,"ungrazed","ungrazed_1",6,"Onthophagus_nuchicornis_female"
"70","ungrazed ungrazed_1 7 Onthophagus_nuchicornis_female",1.79656322755848,0.113310917997599,1.55908910850228,1.95522364201918,1.66819434863308,1.9080381887665,1.72842212083559,1.86942206100701,"ungrazed","ungrazed_1",7,"Onthophagus_nuchicornis_female"
"71","ungrazed ungrazed_1 8 Onthophagus_nuchicornis_female",2.04998705417626,1.11862395686439,0.127470428027973,3.86156075315216,0.839175832817949,3.2961711487247,1.41875914874758,2.67842698957639,"ungrazed","ungrazed_1",8,"Onthophagus_nuchicornis_female"
"72","ungrazed ungrazed_2 6 Onthophagus_nuchicornis_female",2.07652338033726,1.16742485164711,0.149307698163623,4.00973798180547,0.739647036740797,3.33689093172544,1.41996908729788,2.7760440575188,"ungrazed","ungrazed_2",6,"Onthophagus_nuchicornis_female"
"73","ungrazed ungrazed_2 8 Onthophagus_nuchicornis_female",2.10813211765307,0.948197985774673,0.79531186784028,3.51246121067431,1.14938807335366,3.04600599138304,1.59927768454142,2.56911528822622,"ungrazed","ungrazed_2",8,"Onthophagus_nuchicornis_female"
"74","ungrazed ungrazed_3 6 Onthophagus_nuchicornis_female",1.9917396067047,0.142718915439747,1.77356634669871,2.22899860192512,1.83533102421744,2.14961034656546,1.89741374509807,2.0851772035739,"ungrazed","ungrazed_3",6,"Onthophagus_nuchicornis_female"
"75","ungrazed ungrazed_3 7 Onthophagus_nuchicornis_female",1.94673225940129,0.471284280707103,1.28137262089866,2.7620306689646,1.48518363219962,2.47196481489482,1.59392316478882,2.23111869632359,"ungrazed","ungrazed_3",7,"Onthophagus_nuchicornis_female"
"76","ungrazed ungrazed_3 8 Onthophagus_nuchicornis_female",2.13404176244544,0.228968295292443,1.77859275672267,2.51664271966419,1.87804070350518,2.39601744601854,1.97184603996632,2.28334126750354,"ungrazed","ungrazed_3",8,"Onthophagus_nuchicornis_female"
"77","untrtpd untrtpd_1 6 Onthophagus_nuchicornis_female",2.06651885977496,1.94308877476131,-1.04239554852532,5.26073167080126,-0.12670388760117,4.38383856165674,0.758920651677519,3.39963032416683,"untrtpd","untrtpd_1",6,"Onthophagus_nuchicornis_female"
"78","untrtpd untrtpd_1 7 Onthophagus_nuchicornis_female",1.87424034110043,0.099023317656636,1.71018325101362,2.03425924962235,1.76106530290574,1.9923208428809,1.8090219435172,1.94200673477534,"untrtpd","untrtpd_1",7,"Onthophagus_nuchicornis_female"
"79","untrtpd untrtpd_1 8 Onthophagus_nuchicornis_female",2.03823336759653,0.511134912655933,1.55437053400104,3.05645129866092,1.61737082065728,2.9883810476998,1.6856444301101,2.69372023458648,"untrtpd","untrtpd_1",8,"Onthophagus_nuchicornis_female"
"80","untrtpd untrtpd_2 6 Onthophagus_nuchicornis_female",1.77993595714583,0.0446564453265932,1.7027968648976,1.84907155144137,1.72545457474987,1.83248596526132,1.74766856341254,1.81321679519887,"untrtpd","untrtpd_2",6,"Onthophagus_nuchicornis_female"
"81","untrtpd untrtpd_2 7 Onthophagus_nuchicornis_female",1.76476102562908,0.103583772590811,1.56575080369631,1.92323028831824,1.64277043347191,1.88132202149791,1.69786180967169,1.83980748651768,"untrtpd","untrtpd_2",7,"Onthophagus_nuchicornis_female"
"82","untrtpd untrtpd_2 8 Onthophagus_nuchicornis_female",1.6925448835886,0.065083452434387,1.58350394744201,1.79180154116727,1.61527142708165,1.76541454009309,1.64516930163272,1.74089746305332,"untrtpd","untrtpd_2",8,"Onthophagus_nuchicornis_female"
"83","untrtpd untrtpd_3 6 Onthophagus_nuchicornis_female",1.80290459642499,0.056605471330571,1.7144229356393,1.89224808609026,1.73936463430842,1.86469603796358,1.76205520996458,1.84063927727615,"untrtpd","untrtpd_3",6,"Onthophagus_nuchicornis_female"
"84","untrtpd untrtpd_3 7 Onthophagus_nuchicornis_female",1.75601858831321,0.0637025122282831,1.66448642052113,1.84951841051346,1.69317575793609,1.82235762721504,1.71645316774795,1.79826544946398,"untrtpd","untrtpd_3",7,"Onthophagus_nuchicornis_female"
"85","untrtpd untrtpd_3 8 Onthophagus_nuchicornis_female",1.85275868253183,0.158645136284596,1.54259752703052,2.06376957099966,1.65724694780068,2.01362782025887,1.75702894302989,1.95830442627756,"untrtpd","untrtpd_3",8,"Onthophagus_nuchicornis_female"
"86","bison bison_1 6 Onthophagus_nuchicornis_male",1.73328788247213,0.0977441742901775,1.57180884566407,1.89764870132252,1.62399645418883,1.84685151041455,1.66820892395172,1.79419196227392,"bison","bison_1",6,"Onthophagus_nuchicornis_male"
"87","bison bison_1 7 Onthophagus_nuchicornis_male",2.0786360754251,0.259998563375157,1.71422719599694,2.60946122503635,1.8144978344635,2.3893139407159,1.9027942022835,2.23292535002843,"bison","bison_1",7,"Onthophagus_nuchicornis_male"
"88","bison bison_2 6 Onthophagus_nuchicornis_male",2.00897828096623,0.426160531901727,1.3806036319268,2.6419523398283,1.57622743930839,2.42564828071697,1.75186666180448,2.23955277745542,"bison","bison_2",6,"Onthophagus_nuchicornis_male"
"89","bison bison_2 7 Onthophagus_nuchicornis_male",2.04515470548895,0.0876351028868365,1.89956839444305,2.18683433042347,1.95217356292486,2.14050729778758,1.99027371050244,2.10111231928451,"bison","bison_2",7,"Onthophagus_nuchicornis_male"
"90","bison bison_2 8 Onthophagus_nuchicornis_male",1.80999813624204,1.95418485393372,-1.38211288838788,4.94746748664662,-0.519835966208269,4.07442922627521,0.406366074583055,3.17527545630444,"bison","bison_2",8,"Onthophagus_nuchicornis_male"
"91","bison bison_3 6 Onthophagus_nuchicornis_male",1.78224897749248,0.0678939883684189,1.66305790995317,1.8782166417182,1.70813705563069,1.85662705753522,1.73971056336382,1.83098916057032,"bison","bison_3",6,"Onthophagus_nuchicornis_male"
"92","bison bison_3 7 Onthophagus_nuchicornis_male",1.8906165929503,0.095626208644935,1.74149006534249,2.046416499754,1.78311178800079,1.99731066451674,1.82466769499818,1.95448201873495,"bison","bison_3",7,"Onthophagus_nuchicornis_male"
"93","bison bison_3 8 Onthophagus_nuchicornis_male",1.91904334234212,0.0614268391102324,1.82147677543611,2.01612433223343,1.85329546045021,1.98790377438969,1.87971925857788,1.95964022515232,"bison","bison_3",8,"Onthophagus_nuchicornis_male"
"94","cattle cattle_1 6 Onthophagus_nuchicornis_male",2.1451545201743,1.35445558463465,-0.040282778966659,4.3488331569459,0.532279283370374,3.68750360984648,1.22039978966329,3.01619153460025,"cattle","cattle_1",6,"Onthophagus_nuchicornis_male"
"95","cattle cattle_1 7 Onthophagus_nuchicornis_male",1.81971878699948,0.347685990507884,1.17677148313361,2.31993121509479,1.4800259593034,2.1433735455143,1.64765939569203,1.99843168941796,"cattle","cattle_1",7,"Onthophagus_nuchicornis_male"
"96","cattle cattle_1 8 Onthophagus_nuchicornis_male",1.95182525605253,0.234265875667332,1.64423777264955,2.303953093759,1.69157764732484,2.19973533599423,1.77893659889388,2.08728484100086,"cattle","cattle_1",8,"Onthophagus_nuchicornis_male"
"97","cattle cattle_2 6 Onthophagus_nuchicornis_male",1.66477155195994,1.96149893056333,-1.59644220366425,4.73707648060035,-0.677662144504794,3.94857797942355,0.245385393234586,3.04185494279779,"cattle","cattle_2",6,"Onthophagus_nuchicornis_male"
"98","cattle cattle_2 7 Onthophagus_nuchicornis_male",2.00278444345508,0.0381437631819155,1.94198244663596,2.061785034985,1.95867043661752,2.04592972791175,1.976059814275,2.03072075340097,"cattle","cattle_2",7,"Onthophagus_nuchicornis_male"
"99","cattle cattle_2 8 Onthophagus_nuchicornis_male",1.82871372509821,0.135560938090925,1.6064318027744,2.05230691334098,1.67401886425537,1.98457879997271,1.73553951102309,1.92199285483943,"cattle","cattle_2",8,"Onthophagus_nuchicornis_male"
"100","cattle cattle_3 6 Onthophagus_nuchicornis_male",1.84261770269344,0.155263845143722,1.58944136234072,2.04336873995165,1.70692487943227,1.97946329536734,1.77477026586735,1.92340977782824,"cattle","cattle_3",6,"Onthophagus_nuchicornis_male"
"101","cattle cattle_3 7 Onthophagus_nuchicornis_male",1.90978229622833,0.0703586939551011,1.81701401734137,2.01537106843607,1.84044629088677,1.97567637152779,1.86522303175221,1.94647591464189,"cattle","cattle_3",7,"Onthophagus_nuchicornis_male"
"102","cattle cattle_3 8 Onthophagus_nuchicornis_male",1.86596445982308,0.661323862043683,0.915601238405453,2.91363162025398,1.26634074411553,2.52067566621682,1.5613572738997,2.1576075690789,"cattle","cattle_3",8,"Onthophagus_nuchicornis_male"
"103","trtpd trtpd_1 6 Onthophagus_nuchicornis_male",1.94490241435901,0.417686922551792,1.30297976299532,2.67243726997842,1.49529424160933,2.41568180593506,1.66946534707441,2.20312480039618,"trtpd","trtpd_1",6,"Onthophagus_nuchicornis_male"
"104","trtpd trtpd_1 7 Onthophagus_nuchicornis_male",2.02323403611428,0.154526104328698,1.76390372942122,2.26742056523205,1.85392540725386,2.19666920657382,1.92274093268721,2.1328424883748,"trtpd","trtpd_1",7,"Onthophagus_nuchicornis_male"
"105","trtpd trtpd_1 8 Onthophagus_nuchicornis_male",2.53293914094954,1.07279385873155,0.812547661076721,4.20975907754042,1.38873039431781,3.50876440188338,1.98674013603496,3.16593157279908,"trtpd","trtpd_1",8,"Onthophagus_nuchicornis_male"
"106","trtpd trtpd_2 6 Onthophagus_nuchicornis_male",1.85065760179646,0.0506933303212209,1.76442654004196,1.93277295742751,1.79117130513571,1.91100195361575,1.81418243390225,1.88860531852242,"trtpd","trtpd_2",6,"Onthophagus_nuchicornis_male"
"107","trtpd trtpd_2 7 Onthophagus_nuchicornis_male",1.88887559988855,0.0636418866688104,1.78910534622214,1.99493579913373,1.81626128868272,1.96230413790556,1.84310540793337,1.93296934450384,"trtpd","trtpd_2",7,"Onthophagus_nuchicornis_male"
"108","trtpd trtpd_2 8 Onthophagus_nuchicornis_male",1.89847738984546,0.48053291369792,1.12209812824951,2.71480340969467,1.39018119517025,2.47821846821658,1.63536654399348,2.16328957356942,"trtpd","trtpd_2",8,"Onthophagus_nuchicornis_male"
"109","trtpd trtpd_3 6 Onthophagus_nuchicornis_male",1.89209002147503,0.163649754019839,1.60064829110342,2.16951515426121,1.69743742407229,2.08408664816889,1.78512979228988,2.00344200803184,"trtpd","trtpd_3",6,"Onthophagus_nuchicornis_male"
"110","trtpd trtpd_3 7 Onthophagus_nuchicornis_male",1.66060493775863,0.27125451979456,1.24173369194619,2.11206673531288,1.40229432602572,1.92351701331566,1.51597004925908,1.80595589876112,"trtpd","trtpd_3",7,"Onthophagus_nuchicornis_male"
"111","trtpd trtpd_3 8 Onthophagus_nuchicornis_male",2.02971613152432,0.238521274941467,1.60758071866834,2.38525284878981,1.77253678554626,2.2918222128136,1.90093182939737,2.18400677921595,"trtpd","trtpd_3",8,"Onthophagus_nuchicornis_male"
"112","ungrazed ungrazed_1 6 Onthophagus_nuchicornis_male",1.84190893600874,0.107840264123639,1.68345972190774,2.07497290174047,1.72839626634968,1.96874695671488,1.77248088278031,1.90271802835162,"ungrazed","ungrazed_1",6,"Onthophagus_nuchicornis_male"
"113","ungrazed ungrazed_1 7 Onthophagus_nuchicornis_male",1.85861066404276,0.0616789018739588,1.75145149027766,1.95345539689734,1.78613472563124,1.92749355615664,1.81561569950583,1.90316366645839,"ungrazed","ungrazed_1",7,"Onthophagus_nuchicornis_male"
"114","ungrazed ungrazed_2 6 Onthophagus_nuchicornis_male",2.16668950786813,1.88942215936231,-0.954960720431857,5.11081119364204,-0.0687365785257368,4.41466885656537,0.81095390283813,3.52738184814146,"ungrazed","ungrazed_2",6,"Onthophagus_nuchicornis_male"
"115","ungrazed ungrazed_2 8 Onthophagus_nuchicornis_male",1.86820881469111,2.0788959173847,-1.51311154284546,5.45249317622971,-0.52515177708453,4.22563351377053,0.412955180616964,3.29436817003807,"ungrazed","ungrazed_2",8,"Onthophagus_nuchicornis_male"
"116","ungrazed ungrazed_3 6 Onthophagus_nuchicornis_male",2.10065889703547,0.181552728839702,1.6041772737643,2.3514231639701,1.90241407506667,2.28485436425247,2.0083521104546,2.2169834378727,"ungrazed","ungrazed_3",6,"Onthophagus_nuchicornis_male"
"117","ungrazed ungrazed_3 8 Onthophagus_nuchicornis_male",2.0648773699146,1.30609361278683,0.0587519874938798,4.00291412443956,0.711397352503254,3.3649968954071,1.33533789468728,2.76118814763797,"ungrazed","ungrazed_3",8,"Onthophagus_nuchicornis_male"
"118","untrtpd untrtpd_1 7 Onthophagus_nuchicornis_male",1.88541034409217,0.0763326358549068,1.7601222841774,2.01736470598237,1.79692094965686,1.97181817187777,1.83336144092015,1.93522623059984,"untrtpd","untrtpd_1",7,"Onthophagus_nuchicornis_male"
"119","untrtpd untrtpd_1 8 Onthophagus_nuchicornis_male",1.91176557614399,0.256955235647391,1.4999683522401,2.3355605337363,1.61156263529372,2.22542337725316,1.72594068975257,2.09976423417843,"untrtpd","untrtpd_1",8,"Onthophagus_nuchicornis_male"
"120","untrtpd untrtpd_2 6 Onthophagus_nuchicornis_male",1.87601161514193,0.0658938457936609,1.77190729476168,1.98276900718692,1.80102943273286,1.95383615719371,1.83203125929422,1.92380873385297,"untrtpd","untrtpd_2",6,"Onthophagus_nuchicornis_male"
"121","untrtpd untrtpd_2 7 Onthophagus_nuchicornis_male",1.93830696410548,0.15231619958099,1.66595819847678,2.18295346951113,1.7784445956164,2.09183336067307,1.85343907585409,2.02798886508615,"untrtpd","untrtpd_2",7,"Onthophagus_nuchicornis_male"
"122","untrtpd untrtpd_2 8 Onthophagus_nuchicornis_male",1.83724552688766,0.0592075002690085,1.73804494048012,1.93304584957313,1.76806796046284,1.90701863869244,1.79692494406452,1.88214264183128,"untrtpd","untrtpd_2",8,"Onthophagus_nuchicornis_male"
"123","untrtpd untrtpd_3 6 Onthophagus_nuchicornis_male",1.91548796931956,0.0768352918073434,1.79691919921868,2.03423631604521,1.83774062120526,1.99191828329323,1.8706774704604,1.95842636684498,"untrtpd","untrtpd_3",6,"Onthophagus_nuchicornis_male"
"124","untrtpd untrtpd_3 7 Onthophagus_nuchicornis_male",1.80606162657303,0.0874656602674691,1.65606822462466,1.93064087788201,1.70694691833503,1.90119593770888,1.75281699512572,1.86927758276291,"untrtpd","untrtpd_3",7,"Onthophagus_nuchicornis_male"
"125","untrtpd untrtpd_3 8 Onthophagus_nuchicornis_male",1.93844771768373,0.092364429910312,1.80001026933433,2.08894039703029,1.83962329471476,2.04869389170359,1.87479187674953,2.00444824828874,"untrtpd","untrtpd_3",8,"Onthophagus_nuchicornis_male"
