"","code_spp","head_mm_est","head_mm_SE","Q5","Q95","Q10","Q90","Q20","Q80","trt","site","month","spp"
"1","bison bison_1 6 Canthon_pilularius",3.79749254180807,0.119890960851633,3.57891774681587,3.96880474027288,3.66798721316693,3.92294357403748,3.72652046865486,3.8793628027508,"bison","bison_1",6,"Canthon_pilularius"
"2","bison bison_1 7 Canthon_pilularius",3.55895175890404,0.174113408349741,3.22382140873786,3.81828424898919,3.34849952649595,3.75635364799213,3.4396416001739,3.68590226887299,"bison","bison_1",7,"Canthon_pilularius"
"3","bison bison_1 8 Canthon_pilularius",3.68378748773175,0.23778027291229,3.27900706013513,4.08223100908241,3.407316622427,3.96452643335261,3.51933344109908,3.85394283066527,"bison","bison_1",8,"Canthon_pilularius"
"4","bison bison_2 6 Canthon_pilularius",3.7540977323786,1.04647280163965,2.27295432727646,5.62167287070815,2.60908411241519,4.93761161233497,2.98748717399927,4.40210670538879,"bison","bison_2",6,"Canthon_pilularius"
"5","bison bison_2 7 Canthon_pilularius",3.75113219865592,0.351293630211673,2.97537785852905,4.30793849105581,3.38084833692349,4.16658630373231,3.54541021155592,3.99462638807789,"bison","bison_2",7,"Canthon_pilularius"
"6","bison bison_2 8 Canthon_pilularius",3.61055041157383,0.234358847760161,3.24346541505982,3.92345291156208,3.3764814365358,3.84093977115656,3.49303333711774,3.76351282242527,"bison","bison_2",8,"Canthon_pilularius"
"7","bison bison_3 6 Canthon_pilularius",3.82930441170269,0.0977544534744375,3.682151441608,3.98961594950951,3.72091955224028,3.93778038891712,3.75680187489576,3.89340143426662,"bison","bison_3",6,"Canthon_pilularius"
"8","bison bison_3 7 Canthon_pilularius",3.80442402980951,0.0974685098944141,3.6425713516757,3.97018813441575,3.68326969934462,3.92178638277003,3.72893881373449,3.87857202917806,"bison","bison_3",7,"Canthon_pilularius"
"9","bison bison_3 8 Canthon_pilularius",3.81826849217263,0.0949775980344711,3.65988073953112,3.97642787567314,3.70431135388297,3.93345161575268,3.74650692116649,3.88785032081025,"bison","bison_3",8,"Canthon_pilularius"
"10","cattle cattle_1 7 Canthon_pilularius",3.99392103680635,0.0695346654844537,3.87922442313373,4.10460249320849,3.91140256796191,4.07571103913366,3.94268581467343,4.0468838384968,"cattle","cattle_1",7,"Canthon_pilularius"
"11","cattle cattle_1 8 Canthon_pilularius",3.8827608423152,0.141747707375564,3.66774167979502,4.10174422402322,3.74364625930728,4.03153049029883,3.80304432593012,3.96906254205187,"cattle","cattle_1",8,"Canthon_pilularius"
"12","cattle cattle_2 7 Canthon_pilularius",3.7526948465577,0.197925482534781,3.29693572982965,3.99579660773802,3.35354782045251,3.94771691728459,3.65799661389984,3.89211390034975,"cattle","cattle_2",7,"Canthon_pilularius"
"13","cattle cattle_2 8 Canthon_pilularius",3.78569286014735,0.0859735362941252,3.6571444456549,3.92301352134872,3.69424109631171,3.88444186690587,3.73025561561904,3.84447196625784,"cattle","cattle_2",8,"Canthon_pilularius"
"14","cattle cattle_3 6 Canthon_pilularius",3.93974789673912,0.104217641250292,3.76795178371604,4.1200083290769,3.81908484585997,4.05650220888463,3.86826843779566,4.00564607099007,"cattle","cattle_3",6,"Canthon_pilularius"
"15","cattle cattle_3 7 Canthon_pilularius",3.90031246237766,0.115805924318347,3.72841837939148,4.09913716300146,3.77277779035248,4.01850725513927,3.82059386442336,3.97102701851865,"cattle","cattle_3",7,"Canthon_pilularius"
"16","cattle cattle_3 8 Canthon_pilularius",3.91637343939672,0.0693332007608107,3.80504758263847,4.02851167715615,3.8326530081726,3.99641079847339,3.8644338908998,3.9659040886189,"cattle","cattle_3",8,"Canthon_pilularius"
"17","trtpd trtpd_1 6 Canthon_pilularius",2.61425165796566,1.02087743291697,0.951167637235004,4.30575438293952,1.42637439878931,3.85158833942477,1.92768056163307,3.31721257404427,"trtpd","trtpd_1",6,"Canthon_pilularius"
"18","trtpd trtpd_1 7 Canthon_pilularius",2.72156600649011,1.61577903364152,0.42701229289639,6.18454371406849,0.988613192297572,4.93188621112935,1.51783993967122,3.70500697364901,"trtpd","trtpd_1",7,"Canthon_pilularius"
"19","trtpd trtpd_1 8 Canthon_pilularius",3.42236479277298,0.21532617977399,3.08865565162347,3.79087041219844,3.16929731433584,3.68067922170488,3.2570406372831,3.58055562344382,"trtpd","trtpd_1",8,"Canthon_pilularius"
"20","trtpd trtpd_2 6 Canthon_pilularius",3.93384216402871,0.365562876625232,3.42792993403993,4.52096110775931,3.58871015139503,4.29671575464307,3.72940605505799,4.11609528736632,"trtpd","trtpd_2",6,"Canthon_pilularius"
"21","trtpd trtpd_2 7 Canthon_pilularius",3.76784991804615,0.0939425404934732,3.62755772570692,3.92228580270622,3.66517069926352,3.87207852703293,3.70443894996498,3.82701152075253,"trtpd","trtpd_2",7,"Canthon_pilularius"
"22","trtpd trtpd_2 8 Canthon_pilularius",3.76360558793774,0.116565321471645,3.56205890786409,3.94553697720307,3.63039306180567,3.88658665149553,3.68943762249894,3.83887282624535,"trtpd","trtpd_2",8,"Canthon_pilularius"
"23","trtpd trtpd_3 6 Canthon_pilularius",3.73019428312271,0.287959447946245,3.30276954590162,4.24372046614401,3.41903752638265,4.04577439266402,3.53507669522176,3.90628844591249,"trtpd","trtpd_3",6,"Canthon_pilularius"
"24","trtpd trtpd_3 7 Canthon_pilularius",3.51383616537465,0.468693108594748,2.29538001502388,4.07933504204252,2.7408757441005,3.94277681980935,3.33199249299143,3.81222843929924,"trtpd","trtpd_3",7,"Canthon_pilularius"
"25","trtpd trtpd_3 8 Canthon_pilularius",3.70606943288382,0.249821509860567,3.3102391568708,4.12766245718851,3.41665163806098,4.00179989913343,3.53926480146825,3.87610568869481,"trtpd","trtpd_3",8,"Canthon_pilularius"
"26","ungrazed ungrazed_1 6 Canthon_pilularius",3.96682650900337,0.132959036334327,3.74700323950779,4.17949740653101,3.81894247387554,4.11559950743363,3.87822004760784,4.06042974689417,"ungrazed","ungrazed_1",6,"Canthon_pilularius"
"27","ungrazed ungrazed_1 7 Canthon_pilularius",4.01021796050072,0.0637468048173603,3.90748808279873,4.11116378055599,3.93745504716631,4.08204182634628,3.96597253737129,4.05406409559149,"ungrazed","ungrazed_1",7,"Canthon_pilularius"
"28","ungrazed ungrazed_1 8 Canthon_pilularius",3.94121559433522,0.114352924150567,3.69286478569812,4.11818592569168,3.80545642853329,4.06114176782397,3.87222031093528,4.01697611674129,"ungrazed","ungrazed_1",8,"Canthon_pilularius"
"29","ungrazed ungrazed_2 6 Canthon_pilularius",4.16547573789426,0.521000451196643,3.32003987260344,5.03167188492039,3.59111380187992,4.79038197302396,3.80862195901216,4.5300541941905,"ungrazed","ungrazed_2",6,"Canthon_pilularius"
"30","ungrazed ungrazed_2 7 Canthon_pilularius",3.89307620423367,0.256730504662551,3.46677697823551,4.31062756803152,3.62014830730177,4.1975998998785,3.73675523792331,4.06751132459619,"ungrazed","ungrazed_2",7,"Canthon_pilularius"
"31","ungrazed ungrazed_2 8 Canthon_pilularius",3.9298659469854,0.113024523965453,3.75040736819991,4.1121831104202,3.80441683229847,4.05289420540975,3.85158045475722,4.00562596724368,"ungrazed","ungrazed_2",8,"Canthon_pilularius"
"32","ungrazed ungrazed_3 6 Canthon_pilularius",3.86991362532555,0.297656937090339,3.38435342015613,4.34844921047039,3.53326296224523,4.21004499049836,3.66904439586047,4.06499416206733,"ungrazed","ungrazed_3",6,"Canthon_pilularius"
"33","ungrazed ungrazed_3 7 Canthon_pilularius",4.07497038424343,0.855753723168962,2.69811916497755,5.36661490258337,3.12716409321776,4.98627592984511,3.59586108802185,4.59554974186735,"ungrazed","ungrazed_3",7,"Canthon_pilularius"
"34","ungrazed ungrazed_3 8 Canthon_pilularius",3.75345011018864,0.288191318213888,3.24842161918285,4.21230825775992,3.42175672173547,4.08139950103563,3.56365727826244,3.95083433126619,"ungrazed","ungrazed_3",8,"Canthon_pilularius"
"35","untrtpd untrtpd_1 8 Canthon_pilularius",3.07607003986395,1.38495467384681,0.979881767481451,5.34384170630374,1.60466625065843,4.65646172376174,2.18826411729448,3.97234672998566,"untrtpd","untrtpd_1",8,"Canthon_pilularius"
"36","untrtpd untrtpd_2 6 Canthon_pilularius",3.80184337279853,0.122192591258052,3.58358284069469,3.98799928897545,3.65600226208834,3.94768536921244,3.71548271941089,3.89635927567819,"untrtpd","untrtpd_2",6,"Canthon_pilularius"
"37","untrtpd untrtpd_2 7 Canthon_pilularius",3.76282147383929,0.0771921558800708,3.63141546837587,3.88637021337546,3.67139699116601,3.85458085977443,3.70701056811009,3.82058305923741,"untrtpd","untrtpd_2",7,"Canthon_pilularius"
"38","untrtpd untrtpd_2 8 Canthon_pilularius",3.60193550477636,0.107828410097468,3.43713673595072,3.78219519923785,3.47455064656927,3.7331581794258,3.52104967258957,3.68304812403479,"untrtpd","untrtpd_2",8,"Canthon_pilularius"
"39","untrtpd untrtpd_3 6 Canthon_pilularius",3.87055047115606,0.150026000402522,3.63598520375177,4.11698534045333,3.69688985951306,4.05473343769852,3.76479265721937,3.97979914561282,"untrtpd","untrtpd_3",6,"Canthon_pilularius"
"40","untrtpd untrtpd_3 7 Canthon_pilularius",3.76638000103614,0.117471043605054,3.55476783346222,3.93376560089421,3.65181663655925,3.88620346736614,3.70483068251379,3.84171791305089,"untrtpd","untrtpd_3",7,"Canthon_pilularius"
"41","untrtpd untrtpd_3 8 Canthon_pilularius",3.76948378352217,0.13716337615884,3.54737009674175,3.98998386487135,3.61470156121255,3.92652549165155,3.67747598726869,3.86289910878931,"untrtpd","untrtpd_3",8,"Canthon_pilularius"
"42","bison bison_1 6 Onthophagus_nuchicornis_female",1.68961243812346,0.0761014554261429,1.54958501100819,1.80214568243884,1.60911410044698,1.77286744475182,1.64347502492929,1.74245754911237,"bison","bison_1",6,"Onthophagus_nuchicornis_female"
"43","bison bison_1 7 Onthophagus_nuchicornis_female",1.56386002284455,0.478365879197962,0.767932205034734,2.07046669138448,0.772336047722403,1.9879343981833,0.781118845492704,1.90992209564272,"bison","bison_1",7,"Onthophagus_nuchicornis_female"
"44","bison bison_1 8 Onthophagus_nuchicornis_female",1.86031392551456,2.5476550944618,-1.78001534493116,6.50315504237317,-0.76275982825051,4.34645816298036,0.220140847273739,3.16445287770367,"bison","bison_1",8,"Onthophagus_nuchicornis_female"
"45","bison bison_2 6 Onthophagus_nuchicornis_female",1.86303592881713,0.181437295048553,1.54232836124698,2.18023417881686,1.6502498031299,2.07607135813449,1.74311312124894,1.97948234381276,"bison","bison_2",6,"Onthophagus_nuchicornis_female"
"46","bison bison_2 7 Onthophagus_nuchicornis_female",1.82509547447773,0.103781162976251,1.67258353201095,1.99549055586206,1.71664684982856,1.93733331443038,1.75709451184742,1.8833735685837,"bison","bison_2",7,"Onthophagus_nuchicornis_female"
"47","bison bison_2 8 Onthophagus_nuchicornis_female",1.8202723048089,0.515629120717378,1.07855066671023,2.5864981089733,1.33355476944864,2.30863855637488,1.52198748787864,2.10768829189781,"bison","bison_2",8,"Onthophagus_nuchicornis_female"
"48","bison bison_3 6 Onthophagus_nuchicornis_female",1.67986266603688,0.048705653630443,1.58811214541807,1.75803592674764,1.62034242107368,1.73610209611463,1.64575438524529,1.71512049398127,"bison","bison_3",6,"Onthophagus_nuchicornis_female"
"49","bison bison_3 7 Onthophagus_nuchicornis_female",1.68498523062203,0.0484350507100096,1.60760770400577,1.75997110094309,1.63072839283289,1.73815203822754,1.65194538387841,1.71806174000023,"bison","bison_3",7,"Onthophagus_nuchicornis_female"
"50","bison bison_3 8 Onthophagus_nuchicornis_female",1.66323144043507,0.0598771492886744,1.5619865624263,1.7502066933875,1.59280753729124,1.73002407379823,1.62290314496415,1.70561467895941,"bison","bison_3",8,"Onthophagus_nuchicornis_female"
"51","cattle cattle_1 6 Onthophagus_nuchicornis_female",1.67962005806776,0.555852996740692,0.898707071397265,2.57995760780166,1.1255130192627,2.29659369431636,1.32182143842501,1.98896757174449,"cattle","cattle_1",6,"Onthophagus_nuchicornis_female"
"52","cattle cattle_1 7 Onthophagus_nuchicornis_female",1.67903544563961,0.346329465932656,1.11581993987585,2.19610570022496,1.33224344917197,2.02498340217013,1.49708378113772,1.87587658724315,"cattle","cattle_1",7,"Onthophagus_nuchicornis_female"
"53","cattle cattle_1 8 Onthophagus_nuchicornis_female",1.46081441599971,1.31657420963324,-0.884241645847928,3.57327603125578,-0.0921336011848952,2.93524487295347,0.652499756562178,2.27381916361728,"cattle","cattle_1",8,"Onthophagus_nuchicornis_female"
"54","cattle cattle_2 6 Onthophagus_nuchicornis_female",2.35131841454289,1.18038387225318,0.393957330605422,4.21165811634649,0.813421612092716,3.61231973701787,1.57493189883901,3.13595684945368,"cattle","cattle_2",6,"Onthophagus_nuchicornis_female"
"55","cattle cattle_2 7 Onthophagus_nuchicornis_female",1.77070759771761,0.0430962491362608,1.70753681724906,1.8429666643236,1.7263178956472,1.81808617835533,1.74283809334347,1.79798994159624,"cattle","cattle_2",7,"Onthophagus_nuchicornis_female"
"56","cattle cattle_2 8 Onthophagus_nuchicornis_female",1.68758520678242,0.0892334244998704,1.56545199124469,1.84546362199528,1.59577009099149,1.77480156849166,1.6299395471124,1.73390509666092,"cattle","cattle_2",8,"Onthophagus_nuchicornis_female"
"57","cattle cattle_3 6 Onthophagus_nuchicornis_female",1.69723155145613,0.0429595315302509,1.62977242408208,1.76690729208988,1.64832644584826,1.75054847178432,1.66574397885145,1.73033000292122,"cattle","cattle_3",6,"Onthophagus_nuchicornis_female"
"58","cattle cattle_3 7 Onthophagus_nuchicornis_female",1.67606195797714,0.0431787061703533,1.60934581895794,1.7462625366773,1.62833896241416,1.72664710188261,1.64459129686111,1.70730023394684,"cattle","cattle_3",7,"Onthophagus_nuchicornis_female"
"59","cattle cattle_3 8 Onthophagus_nuchicornis_female",1.88244459727142,0.270512538271277,1.41292225103127,2.31583165419411,1.57222252075072,2.18269381995141,1.7063840022466,2.06765877184491,"cattle","cattle_3",8,"Onthophagus_nuchicornis_female"
"60","trtpd trtpd_1 6 Onthophagus_nuchicornis_female",1.89896321549358,0.34929870911613,1.34171938044088,2.43582102242672,1.53882359691628,2.27436094174054,1.6945789255916,2.09839287031871,"trtpd","trtpd_1",6,"Onthophagus_nuchicornis_female"
"61","trtpd trtpd_1 7 Onthophagus_nuchicornis_female",1.91221726028853,0.267333243348748,1.60665717063817,2.50151572083075,1.67651785340631,2.44633115558781,1.73526738856003,2.0528316622005,"trtpd","trtpd_1",7,"Onthophagus_nuchicornis_female"
"62","trtpd trtpd_1 8 Onthophagus_nuchicornis_female",1.80063736379497,0.695756041172614,0.74143726071228,2.9657767842246,1.13088021991758,2.50263066880744,1.45090222551755,2.16536942697479,"trtpd","trtpd_1",8,"Onthophagus_nuchicornis_female"
"63","trtpd trtpd_2 6 Onthophagus_nuchicornis_female",1.73920577383491,0.0639761186566939,1.64140971780464,1.84387166224443,1.66645026840686,1.81248536824761,1.69410315709699,1.78370535038729,"trtpd","trtpd_2",6,"Onthophagus_nuchicornis_female"
"64","trtpd trtpd_2 7 Onthophagus_nuchicornis_female",1.66853452320308,0.0705306362535277,1.53210273960291,1.76888747110915,1.5912817837827,1.74012091319927,1.63211266106078,1.71456631665416,"trtpd","trtpd_2",7,"Onthophagus_nuchicornis_female"
"65","trtpd trtpd_2 8 Onthophagus_nuchicornis_female",1.73800882705867,0.298005991043891,1.13484559692099,2.1460520383676,1.35155824343177,1.99709752340652,1.5975022554712,1.89511984153912,"trtpd","trtpd_2",8,"Onthophagus_nuchicornis_female"
"66","trtpd trtpd_3 6 Onthophagus_nuchicornis_female",1.7755092025636,0.0762294746430181,1.65821684598633,1.90018688328148,1.69391411545235,1.85556823773745,1.72631933483673,1.8259855976521,"trtpd","trtpd_3",6,"Onthophagus_nuchicornis_female"
"67","trtpd trtpd_3 7 Onthophagus_nuchicornis_female",1.71914913101451,0.19129028288274,1.39859132408826,2.01125464848827,1.5147397784484,1.92256796274217,1.60444650776952,1.84018119739255,"trtpd","trtpd_3",7,"Onthophagus_nuchicornis_female"
"68","trtpd trtpd_3 8 Onthophagus_nuchicornis_female",1.72345934028723,1.28039846324159,-0.355653921693398,3.81287803475679,0.259993670498459,3.10356609585981,0.948166846247862,2.51166949843192,"trtpd","trtpd_3",8,"Onthophagus_nuchicornis_female"
"69","ungrazed ungrazed_1 6 Onthophagus_nuchicornis_female",1.6825102601333,0.0759919169224617,1.56455487736145,1.81150838370915,1.59678800850228,1.77044313074175,1.62987349934119,1.73299499510839,"ungrazed","ungrazed_1",6,"Onthophagus_nuchicornis_female"
"70","ungrazed ungrazed_1 7 Onthophagus_nuchicornis_female",1.62604212765129,0.0621385915641053,1.52806577340598,1.73062179437856,1.55427508239603,1.69748956504227,1.58120179666316,1.66798600966603,"ungrazed","ungrazed_1",7,"Onthophagus_nuchicornis_female"
"71","ungrazed ungrazed_1 8 Onthophagus_nuchicornis_female",1.77285628903309,1.21712909229282,-0.196170819069404,3.75487202365598,0.366665141209004,3.13662017575368,1.02255737107526,2.55525127265207,"ungrazed","ungrazed_1",8,"Onthophagus_nuchicornis_female"
"72","ungrazed ungrazed_2 6 Onthophagus_nuchicornis_female",1.96925622341192,1.28204847544447,0.0958485819403228,3.93751723631229,0.731537973128012,3.30679230955525,1.2306185858599,2.69275527951561,"ungrazed","ungrazed_2",6,"Onthophagus_nuchicornis_female"
"73","ungrazed ungrazed_2 8 Onthophagus_nuchicornis_female",1.85677282821796,0.992222439748529,0.288788627598682,3.1085699902381,0.842567409416457,2.71933800188835,1.34865086714654,2.44265144892173,"ungrazed","ungrazed_2",8,"Onthophagus_nuchicornis_female"
"74","ungrazed ungrazed_3 6 Onthophagus_nuchicornis_female",1.713901696687,0.0799534283893635,1.51511080304391,1.81535007797282,1.61622052358539,1.78951288633489,1.67824592570862,1.76425252282158,"ungrazed","ungrazed_3",6,"Onthophagus_nuchicornis_female"
"75","ungrazed ungrazed_3 7 Onthophagus_nuchicornis_female",1.72182128948495,0.67001559043185,0.710681362068114,2.83232670478839,1.00594919138158,2.43358783619274,1.28998581552308,2.10223029045117,"ungrazed","ungrazed_3",7,"Onthophagus_nuchicornis_female"
"76","ungrazed ungrazed_3 8 Onthophagus_nuchicornis_female",1.79775231584789,0.229442623897097,1.46792754738127,2.16495752135418,1.57771846174267,2.02251998726665,1.66639894915263,1.92183692129907,"ungrazed","ungrazed_3",8,"Onthophagus_nuchicornis_female"
"77","untrtpd untrtpd_1 6 Onthophagus_nuchicornis_female",1.85250732109423,1.83855414892716,-0.903991701096508,4.89835719894053,-0.00727962419135893,4.05277976206691,0.753859845466718,3.15889285363918,"untrtpd","untrtpd_1",6,"Onthophagus_nuchicornis_female"
"78","untrtpd untrtpd_1 7 Onthophagus_nuchicornis_female",1.68298069199491,0.0427888326779638,1.60924036481035,1.74890335825559,1.6365765762313,1.72682710344667,1.65654141748608,1.70959398791614,"untrtpd","untrtpd_1",7,"Onthophagus_nuchicornis_female"
"79","untrtpd untrtpd_1 8 Onthophagus_nuchicornis_female",1.66945832986181,0.111118719047018,1.48099434914407,1.85322791104136,1.53567463071264,1.79803697411245,1.58830136273121,1.74839761697282,"untrtpd","untrtpd_1",8,"Onthophagus_nuchicornis_female"
"80","untrtpd untrtpd_2 6 Onthophagus_nuchicornis_female",1.78190607221367,0.13036613100424,1.55682702421928,1.9435302206364,1.67186670207644,1.89406013091932,1.73364985124334,1.85770223190887,"untrtpd","untrtpd_2",6,"Onthophagus_nuchicornis_female"
"81","untrtpd untrtpd_2 7 Onthophagus_nuchicornis_female",1.68183009622381,0.0495102011052211,1.60300171841732,1.761416541982,1.62497220594563,1.73934572288005,1.64644594186891,1.71725650253966,"untrtpd","untrtpd_2",7,"Onthophagus_nuchicornis_female"
"82","untrtpd untrtpd_2 8 Onthophagus_nuchicornis_female",1.73587300397339,0.0669410233426149,1.62786901301482,1.83805442363281,1.65833395612338,1.80927862485765,1.69166990086229,1.78181386019893,"untrtpd","untrtpd_2",8,"Onthophagus_nuchicornis_female"
"83","untrtpd untrtpd_3 6 Onthophagus_nuchicornis_female",1.69400022421979,0.0565254993741964,1.60585553035451,1.78929026987609,1.63239571195443,1.75668848459266,1.65806047020272,1.73076919461775,"untrtpd","untrtpd_3",6,"Onthophagus_nuchicornis_female"
"84","untrtpd untrtpd_3 7 Onthophagus_nuchicornis_female",1.78880193086062,0.0545901813160012,1.70125936088734,1.8739393567574,1.72715088929284,1.85269898900182,1.74804693619765,1.82911942339647,"untrtpd","untrtpd_3",7,"Onthophagus_nuchicornis_female"
"85","untrtpd untrtpd_3 8 Onthophagus_nuchicornis_female",1.65059067251062,0.0648867160927419,1.54448241058148,1.75589698133165,1.57585589374802,1.72613726531739,1.60774014624658,1.69660913653139,"untrtpd","untrtpd_3",8,"Onthophagus_nuchicornis_female"
"86","bison bison_1 6 Onthophagus_nuchicornis_male",1.80755142818264,0.108439643456374,1.62563414842006,1.97353992425187,1.69208262447335,1.91790093333169,1.74389843416178,1.87760444546576,"bison","bison_1",6,"Onthophagus_nuchicornis_male"
"87","bison bison_1 7 Onthophagus_nuchicornis_male",2.02271336456549,0.312420683704694,1.56185920217115,2.44951877736024,1.73282129960634,2.31891934489117,1.88002971381621,2.1972062396489,"bison","bison_1",7,"Onthophagus_nuchicornis_male"
"88","bison bison_2 6 Onthophagus_nuchicornis_male",1.85066602661219,0.274350701352269,1.3613247184934,2.29450542063139,1.50049163737378,2.14894706025401,1.67419357536229,2.03114583097708,"bison","bison_2",6,"Onthophagus_nuchicornis_male"
"89","bison bison_2 7 Onthophagus_nuchicornis_male",2.03635366864238,0.0759659237650674,1.91818188654676,2.15339295946704,1.94784265350308,2.12165733984797,1.98184146528117,2.0897603611363,"bison","bison_2",7,"Onthophagus_nuchicornis_male"
"90","bison bison_2 8 Onthophagus_nuchicornis_male",1.77699936572353,1.99393822147784,-1.38755904233396,4.93869394267476,-0.544724938850842,4.01365396069172,0.407040719886523,3.07085028295989,"bison","bison_2",8,"Onthophagus_nuchicornis_male"
"91","bison bison_3 6 Onthophagus_nuchicornis_male",1.93378729686867,0.11965612589859,1.72805463204019,2.12272144619154,1.81756394118907,2.06912671676435,1.86470051120857,2.01255530472419,"bison","bison_3",6,"Onthophagus_nuchicornis_male"
"92","bison bison_3 7 Onthophagus_nuchicornis_male",1.91045400796019,0.113581152625713,1.72565813981206,2.09963741320871,1.78105386012652,2.0391090314857,1.82873379955707,1.9891784544379,"bison","bison_3",7,"Onthophagus_nuchicornis_male"
"93","bison bison_3 8 Onthophagus_nuchicornis_male",1.93000524488178,0.0665616076430895,1.82549016981471,2.03443619577227,1.8518017255739,2.00829034056244,1.88328096202429,1.97782326276791,"bison","bison_3",8,"Onthophagus_nuchicornis_male"
"94","cattle cattle_1 6 Onthophagus_nuchicornis_male",2.26702148223444,1.31149176244998,0.179195852350029,4.55517434546413,0.849969974565105,3.79210006160654,1.48551555910389,3.06618248790606,"cattle","cattle_1",6,"Onthophagus_nuchicornis_male"
"95","cattle cattle_1 7 Onthophagus_nuchicornis_male",1.88961429982511,0.28530908075708,1.42535943787387,2.38506540051484,1.5434120816695,2.22756533378402,1.69733709991807,2.08358651487788,"cattle","cattle_1",7,"Onthophagus_nuchicornis_male"
"96","cattle cattle_1 8 Onthophagus_nuchicornis_male",1.79625967984785,0.191281624342296,1.57636866854648,2.028510957452,1.64677901187316,1.95068580702158,1.70004034625354,1.8783291974911,"cattle","cattle_1",8,"Onthophagus_nuchicornis_male"
"97","cattle cattle_2 6 Onthophagus_nuchicornis_male",1.69995672351335,2.24667065207817,-1.60560042169265,5.2629461040642,-0.572496823333526,4.11921860620557,0.375925862784246,3.09631184793926,"cattle","cattle_2",6,"Onthophagus_nuchicornis_male"
"98","cattle cattle_2 7 Onthophagus_nuchicornis_male",2.02190736092735,0.121068205368862,1.82887912231305,2.22208320986259,1.88991539234744,2.15695374865673,1.9418947104257,2.10211261023044,"cattle","cattle_2",7,"Onthophagus_nuchicornis_male"
"99","cattle cattle_2 8 Onthophagus_nuchicornis_male",1.86668589816334,0.174544740704397,1.57075250999187,2.13944630785745,1.66376145011372,2.05630777541623,1.75163334412034,1.97460858821291,"cattle","cattle_2",8,"Onthophagus_nuchicornis_male"
"100","cattle cattle_3 6 Onthophagus_nuchicornis_male",1.87268617996311,0.097064477739738,1.72385257799362,2.02657070044025,1.76951402624124,1.97668654975968,1.80902823646022,1.930629603498,"cattle","cattle_3",6,"Onthophagus_nuchicornis_male"
"101","cattle cattle_3 7 Onthophagus_nuchicornis_male",1.87117129607027,0.0788690051868083,1.74387002548895,1.99626451266542,1.77772983011521,1.96522506570797,1.81484517361068,1.92891615089448,"cattle","cattle_3",7,"Onthophagus_nuchicornis_male"
"102","cattle cattle_3 8 Onthophagus_nuchicornis_male",2.1040039354603,1.03068656537323,0.511114648010941,3.74235287195524,1.00389662930545,3.24976028212971,1.52475368949091,2.69201606661364,"cattle","cattle_3",8,"Onthophagus_nuchicornis_male"
"103","trtpd trtpd_1 6 Onthophagus_nuchicornis_male",1.99870050113283,0.621557386537352,1.3259335169256,2.91742787043884,1.49835099963844,2.44850222599721,1.66898220758058,2.19150148768243,"trtpd","trtpd_1",6,"Onthophagus_nuchicornis_male"
"104","trtpd trtpd_1 7 Onthophagus_nuchicornis_male",2.07522329289812,0.0891129872909762,1.93299231398272,2.23034666716598,1.96947597442824,2.18584552139216,2.00764022862483,2.13996509690845,"trtpd","trtpd_1",7,"Onthophagus_nuchicornis_male"
"105","trtpd trtpd_1 8 Onthophagus_nuchicornis_male",2.01587603435287,1.4071227788658,-0.938075055782381,4.17132998570948,0.377191176743761,3.49111306108,1.244137221999,2.90822179768738,"trtpd","trtpd_1",8,"Onthophagus_nuchicornis_male"
"106","trtpd trtpd_2 6 Onthophagus_nuchicornis_male",1.87708943231885,0.102440208926724,1.69464918704631,2.0472886134533,1.76195557328209,1.99362620312538,1.81128530636855,1.94903738013371,"trtpd","trtpd_2",6,"Onthophagus_nuchicornis_male"
"107","trtpd trtpd_2 7 Onthophagus_nuchicornis_male",1.8723993610733,0.111585207889038,1.67029306313927,2.04952935050102,1.73143878164658,2.00182686002211,1.79363734268001,1.952701586965,"trtpd","trtpd_2",7,"Onthophagus_nuchicornis_male"
"108","trtpd trtpd_2 8 Onthophagus_nuchicornis_male",1.86820817575732,0.662223799395121,0.91757031498281,3.27748808421875,1.18640822435138,2.57362230142747,1.52865368579956,2.17519764352262,"trtpd","trtpd_2",8,"Onthophagus_nuchicornis_male"
"109","trtpd trtpd_3 6 Onthophagus_nuchicornis_male",1.77184891741258,0.245416293290477,1.30564506045128,2.08608696392239,1.41883325939048,2.00116757757297,1.6566888112521,1.92519286771,"trtpd","trtpd_3",6,"Onthophagus_nuchicornis_male"
"110","trtpd trtpd_3 7 Onthophagus_nuchicornis_male",1.69330621983675,0.295481335816541,1.25892490503773,2.35128005779019,1.44257104700607,1.96951474213489,1.55761957405282,1.81534719069553,"trtpd","trtpd_3",7,"Onthophagus_nuchicornis_male"
"111","trtpd trtpd_3 8 Onthophagus_nuchicornis_male",1.96897516207727,0.186028646648142,1.66652654257879,2.23232576869343,1.78312719726233,2.15922627646459,1.87159517669664,2.08208285192162,"trtpd","trtpd_3",8,"Onthophagus_nuchicornis_male"
"112","ungrazed ungrazed_1 6 Onthophagus_nuchicornis_male",1.91484498453591,0.0552173552695971,1.83106587059809,2.00299263394575,1.85437594337836,1.97579476169822,1.87597076094785,1.95022236912786,"ungrazed","ungrazed_1",6,"Onthophagus_nuchicornis_male"
"113","ungrazed ungrazed_1 7 Onthophagus_nuchicornis_male",1.85934175516703,0.092894425616932,1.71109707596008,2.01091166468809,1.75153427320233,1.96478838902737,1.79493329605154,1.92326182072302,"ungrazed","ungrazed_1",7,"Onthophagus_nuchicornis_male"
"114","ungrazed ungrazed_2 6 Onthophagus_nuchicornis_male",2.00801129952637,1.97014387258369,-1.19697688362256,5.38731332039746,-0.324936117089656,4.285427232846,0.622888935477521,3.35625475411206,"ungrazed","ungrazed_2",6,"Onthophagus_nuchicornis_male"
"115","ungrazed ungrazed_2 8 Onthophagus_nuchicornis_male",1.58927952968104,2.02489833688637,-1.55921510821366,4.86706793216807,-0.670625671187116,3.85369054336002,0.208282093657229,2.87684392803749,"ungrazed","ungrazed_2",8,"Onthophagus_nuchicornis_male"
"116","ungrazed ungrazed_3 6 Onthophagus_nuchicornis_male",1.98880331678586,0.11503126518724,1.80254593017393,2.1788206435204,1.86221244601167,2.1162275380443,1.91218195039528,2.06314264763867,"ungrazed","ungrazed_3",6,"Onthophagus_nuchicornis_male"
"117","ungrazed ungrazed_3 8 Onthophagus_nuchicornis_male",1.99107918088812,1.45950272936342,-0.220834070588153,4.27447794443617,0.289514367264238,3.68330462769443,1.05336113747446,2.94911340127003,"ungrazed","ungrazed_3",8,"Onthophagus_nuchicornis_male"
"118","untrtpd untrtpd_1 7 Onthophagus_nuchicornis_male",1.89747815703793,0.080107864045836,1.7424469483395,2.01874586104482,1.80427412845367,1.98681316615647,1.84762822778519,1.9522464606092,"untrtpd","untrtpd_1",7,"Onthophagus_nuchicornis_male"
"119","untrtpd untrtpd_1 8 Onthophagus_nuchicornis_male",1.85476198569723,0.19066926641624,1.56094572388399,2.10993998041845,1.6749445935545,2.04580525428793,1.76398899814666,1.98023714968779,"untrtpd","untrtpd_1",8,"Onthophagus_nuchicornis_male"
"120","untrtpd untrtpd_2 6 Onthophagus_nuchicornis_male",1.92021829939393,0.0883640091411048,1.77765339935917,2.06332061998509,1.81694918418904,2.02087711427037,1.85899507290646,1.98290546202598,"untrtpd","untrtpd_2",6,"Onthophagus_nuchicornis_male"
"121","untrtpd untrtpd_2 7 Onthophagus_nuchicornis_male",1.95624729505006,0.16704788842316,1.6788553027915,2.23535638636558,1.76632681402432,2.15058808469568,1.84788586132571,2.0655440450631,"untrtpd","untrtpd_2",7,"Onthophagus_nuchicornis_male"
"122","untrtpd untrtpd_2 8 Onthophagus_nuchicornis_male",1.95012443270163,0.0715730636984148,1.8336525954547,2.06469882819652,1.86686383238452,2.03336914805471,1.90057293021597,2.00256011568917,"untrtpd","untrtpd_2",8,"Onthophagus_nuchicornis_male"
"123","untrtpd untrtpd_3 6 Onthophagus_nuchicornis_male",1.8821956414879,0.0691928588241853,1.77834532728976,1.98161640100843,1.8145828986733,1.95082004283811,1.84258536547487,1.92392770754443,"untrtpd","untrtpd_3",6,"Onthophagus_nuchicornis_male"
"124","untrtpd untrtpd_3 7 Onthophagus_nuchicornis_male",1.8708500060858,0.0903590015104671,1.72647393719438,2.01159389164022,1.76580764385163,1.9721875399655,1.80771713896219,1.93557811110089,"untrtpd","untrtpd_3",7,"Onthophagus_nuchicornis_male"
"125","untrtpd untrtpd_3 8 Onthophagus_nuchicornis_male",1.94788398867845,0.107195208793718,1.79350413117132,2.12676869283664,1.83354014617156,2.06854619405846,1.87504784964403,2.01816995948034,"untrtpd","untrtpd_3",8,"Onthophagus_nuchicornis_male"
