day,mo,yr,date,DOY,site,code,meanTempC,PitfallPickup,Temp48hr,Temp20day,Temp60day
9,6,2022,6/9/2022,160,bison_1,bison_1-160,21.201,n,,,
10,6,2022,6/10/2022,161,bison_1,bison_1-161,21.03975,YES,21.120375,,
11,6,2022,6/11/2022,162,bison_1,bison_1-162,22.44475,n,,,
12,6,2022,6/12/2022,163,bison_1,bison_1-163,23.76425,n,,,
13,6,2022,6/13/2022,164,bison_1,bison_1-164,17.1465,n,,,
14,6,2022,6/14/2022,165,bison_1,bison_1-165,14.34725,n,,,
15,6,2022,6/15/2022,166,bison_1,bison_1-166,14.519,n,,,
16,6,2022,6/16/2022,167,bison_1,bison_1-167,22.2625,n,,,
17,6,2022,6/17/2022,168,bison_1,bison_1-168,32.237,n,,,
18,6,2022,6/18/2022,169,bison_1,bison_1-169,24.96525,n,,,
19,6,2022,6/19/2022,170,bison_1,bison_1-170,15.57,n,,,
20,6,2022,6/20/2022,171,bison_1,bison_1-171,20.87925,n,,,
21,6,2022,6/21/2022,172,bison_1,bison_1-172,19.36675,n,,,
22,6,2022,6/22/2022,173,bison_1,bison_1-173,23.83925,n,,,
23,6,2022,6/23/2022,174,bison_1,bison_1-174,21.39375,n,,,
24,6,2022,6/24/2022,175,bison_1,bison_1-175,15.495,n,,,
25,6,2022,6/25/2022,176,bison_1,bison_1-176,14.54025,n,,,
26,6,2022,6/26/2022,177,bison_1,bison_1-177,20.62175,n,,,
27,6,2022,6/27/2022,178,bison_1,bison_1-178,20.9755,n,,,
28,6,2022,6/28/2022,179,bison_1,bison_1-179,25.50125,n,,,
29,6,2022,6/29/2022,180,bison_1,bison_1-180,20.53575,n,,,
30,6,2022,6/30/2022,181,bison_1,bison_1-181,16.84625,n,,,
1,7,2022,7/1/2022,182,bison_1,bison_1-182,22.8095,n,,,
2,7,2022,7/2/2022,183,bison_1,bison_1-183,26.12325,n,,,
3,7,2022,7/3/2022,184,bison_1,bison_1-184,19.82775,n,,,
4,7,2022,7/4/2022,185,bison_1,bison_1-185,23.05625,n,,,
5,7,2022,7/5/2022,186,bison_1,bison_1-186,20.0855,n,,,
6,7,2022,7/6/2022,187,bison_1,bison_1-187,24.31075,n,,,
7,7,2022,7/7/2022,188,bison_1,bison_1-188,24.30025,n,,,
8,7,2022,7/8/2022,189,bison_1,bison_1-189,26.767,n,,,
9,7,2022,7/9/2022,190,bison_1,bison_1-190,24.815,n,,,
10,7,2022,7/10/2022,191,bison_1,bison_1-191,22.15525,n,,,
11,7,2022,7/11/2022,192,bison_1,bison_1-192,23.0775,n,,,
12,7,2022,7/12/2022,193,bison_1,bison_1-193,27.829,n,,,
13,7,2022,7/13/2022,194,bison_1,bison_1-194,26.97075,n,,,
14,7,2022,7/14/2022,195,bison_1,bison_1-195,27.003,n,,,
15,7,2022,7/15/2022,196,bison_1,bison_1-196,25.19075,n,,,
16,7,2022,7/16/2022,197,bison_1,bison_1-197,28.0435,n,,,
17,7,2022,7/17/2022,198,bison_1,bison_1-198,30.628,n,,,
18,7,2022,7/18/2022,199,bison_1,bison_1-199,24.16075,n,,,
19,7,2022,7/19/2022,200,bison_1,bison_1-200,23.48525,n,,,
20,7,2022,7/20/2022,201,bison_1,bison_1-201,24.01075,YES,23.88558333,24.7324875,
21,7,2022,7/21/2022,202,bison_1,bison_1-202,23.09925,n,,,
22,7,2022,7/22/2022,203,bison_1,bison_1-203,26.08075,n,,,
23,7,2022,7/23/2022,204,bison_1,bison_1-204,23.496,n,,,
24,7,2022,7/24/2022,205,bison_1,bison_1-205,27.3785,n,,,
25,7,2022,7/25/2022,206,bison_1,bison_1-206,22.99175,n,,,
26,7,2022,7/26/2022,207,bison_1,bison_1-207,21.53325,n,,,
27,7,2022,7/27/2022,208,bison_1,bison_1-208,20.0855,n,,,
28,7,2022,7/28/2022,209,bison_1,bison_1-209,24.17175,n,,,
29,7,2022,7/29/2022,210,bison_1,bison_1-210,30.08125,n,,,
30,7,2022,7/30/2022,211,bison_1,bison_1-211,25.42625,n,,,
31,7,2022,7/31/2022,212,bison_1,bison_1-212,28.7405,n,,,
1,8,2022,8/1/2022,213,bison_1,bison_1-213,32.151,n,,,
2,8,2022,8/2/2022,214,bison_1,bison_1-214,23.732,n,,,
3,8,2022,8/3/2022,215,bison_1,bison_1-215,25.866,n,,,
4,8,2022,8/4/2022,216,bison_1,bison_1-216,28.0005,n,,,
5,8,2022,8/5/2022,217,bison_1,bison_1-217,21.57625,n,,,
6,8,2022,8/6/2022,218,bison_1,bison_1-218,17.983,n,,,
7,8,2022,8/7/2022,219,bison_1,bison_1-219,24.193,n,,,
8,8,2022,8/8/2022,220,bison_1,bison_1-220,27.60375,n,,,
9,8,2022,8/9/2022,221,bison_1,bison_1-221,27.0565,n,,,
10,8,2022,8/10/2022,222,bison_1,bison_1-222,29.4805,n,,,
11,8,2022,8/11/2022,223,bison_1,bison_1-223,28.1075,n,,,
12,8,2022,8/12/2022,224,bison_1,bison_1-224,29.5555,n,,,
13,8,2022,8/13/2022,225,bison_1,bison_1-225,29.77,n,,,
14,8,2022,8/14/2022,226,bison_1,bison_1-226,26.145,n,,,
15,8,2022,8/15/2022,227,bison_1,bison_1-227,25.37275,n,,,
16,8,2022,8/16/2022,228,bison_1,bison_1-228,28.955,n,,,
17,8,2022,8/17/2022,229,bison_1,bison_1-229,24.043,n,,,
18,8,2022,8/18/2022,230,bison_1,bison_1-230,22.359,YES,25.119,26.30585,24.32799167
19,8,2022,8/19/2022,231,bison_1,bison_1-231,25.9305,n,,,
20,8,2022,8/20/2022,232,bison_1,bison_1-232,25.834,n,,,
21,8,2022,8/21/2022,233,bison_1,bison_1-233,25.44775,n,,,
22,8,2022,8/22/2022,234,bison_1,bison_1-234,26.40275,n,,,
23,8,2022,8/23/2022,235,bison_1,bison_1-235,18.573,n,,,
24,8,2022,8/24/2022,236,bison_1,bison_1-236,22.4235,n,,,
25,8,2022,8/25/2022,237,bison_1,bison_1-237,22.2625,n,,,
26,8,2022,8/26/2022,238,bison_1,bison_1-238,26.07,n,,,
27,8,2022,8/27/2022,239,bison_1,bison_1-239,26.156,n,,,
28,8,2022,8/28/2022,240,bison_1,bison_1-240,16.3315,n,,,
29,8,2022,8/29/2022,241,bison_1,bison_1-241,20.0745,n,,,
30,8,2022,8/30/2022,242,bison_1,bison_1-242,24.28975,n,,,
31,8,2022,8/31/2022,243,bison_1,bison_1-243,27.36775,n,,,
1,9,2022,9/1/2022,244,bison_1,bison_1-244,25.25475,n,,,
2,9,2022,9/2/2022,245,bison_1,bison_1-245,24.49325,n,,,
3,9,2022,9/3/2022,246,bison_1,bison_1-246,31.06775,n,,,
9,6,2022,6/9/2022,160,bison_2,bison_2-160,NA,n,,,
10,6,2022,6/10/2022,161,bison_2,bison_2-161,NA,n,,,
11,6,2022,6/11/2022,162,bison_2,bison_2-162,NA,n,,,
12,6,2022,6/12/2022,163,bison_2,bison_2-163,NA,n,,,
13,6,2022,6/13/2022,164,bison_2,bison_2-164,NA,n,,,
14,6,2022,6/14/2022,165,bison_2,bison_2-165,12.32025,n,,,
15,6,2022,6/15/2022,166,bison_2,bison_2-166,13.114,YES,12.717125,,
16,6,2022,6/16/2022,167,bison_2,bison_2-167,21.06125,n,,,
17,6,2022,6/17/2022,168,bison_2,bison_2-168,28.601,n,,,
18,6,2022,6/18/2022,169,bison_2,bison_2-169,26.52025,n,,,
19,6,2022,6/19/2022,170,bison_2,bison_2-170,14.9375,n,,,
20,6,2022,6/20/2022,171,bison_2,bison_2-171,18.01525,n,,,
21,6,2022,6/21/2022,172,bison_2,bison_2-172,20.26775,n,,,
22,6,2022,6/22/2022,173,bison_2,bison_2-173,23.05625,n,,,
23,6,2022,6/23/2022,174,bison_2,bison_2-174,26.05925,n,,,
24,6,2022,6/24/2022,175,bison_2,bison_2-175,18.48725,n,,,
25,6,2022,6/25/2022,176,bison_2,bison_2-176,14.551,n,,,
26,6,2022,6/26/2022,177,bison_2,bison_2-177,20.718,n,,,
27,6,2022,6/27/2022,178,bison_2,bison_2-178,25.244,n,,,
28,6,2022,6/28/2022,179,bison_2,bison_2-179,25.61925,n,,,
29,6,2022,6/29/2022,180,bison_2,bison_2-180,23.09925,n,,,
30,6,2022,6/30/2022,181,bison_2,bison_2-181,19.34525,n,,,
1,7,2022,7/1/2022,182,bison_2,bison_2-182,24.74,n,,,
2,7,2022,7/2/2022,183,bison_2,bison_2-183,27.31425,n,,,
3,7,2022,7/3/2022,184,bison_2,bison_2-184,19.3455,n,,,
4,7,2022,7/4/2022,185,bison_2,bison_2-185,23.7965,n,,,
5,7,2022,7/5/2022,186,bison_2,bison_2-186,22.74525,n,,,
6,7,2022,7/6/2022,187,bison_2,bison_2-187,22.63775,n,,,
7,7,2022,7/7/2022,188,bison_2,bison_2-188,24.74,n,,,
8,7,2022,7/8/2022,189,bison_2,bison_2-189,26.83125,n,,,
9,7,2022,7/9/2022,190,bison_2,bison_2-190,26.5525,n,,,
10,7,2022,7/10/2022,191,bison_2,bison_2-191,19.64575,n,,,
11,7,2022,7/11/2022,192,bison_2,bison_2-192,22.9385,n,,,
12,7,2022,7/12/2022,193,bison_2,bison_2-193,26.20925,n,,,
13,7,2022,7/13/2022,194,bison_2,bison_2-194,26.9815,n,,,
14,7,2022,7/14/2022,195,bison_2,bison_2-195,25.5875,n,,,
15,7,2022,7/15/2022,196,bison_2,bison_2-196,26.4345,n,,,
16,7,2022,7/16/2022,197,bison_2,bison_2-197,26.42375,n,,,
17,7,2022,7/17/2022,198,bison_2,bison_2-198,31.261,n,,,
18,7,2022,7/18/2022,199,bison_2,bison_2-199,23.81775,n,,,
19,7,2022,7/19/2022,200,bison_2,bison_2-200,25.4905,n,,,
20,7,2022,7/20/2022,201,bison_2,bison_2-201,23.90325,YES,24.40383333,24.8698125,
21,7,2022,7/21/2022,202,bison_2,bison_2-202,23.99975,n,,,
22,7,2022,7/22/2022,203,bison_2,bison_2-203,25.54425,n,,,
23,7,2022,7/23/2022,204,bison_2,bison_2-204,21.46875,n,,,
24,7,2022,7/24/2022,205,bison_2,bison_2-205,26.11275,n,,,
25,7,2022,7/25/2022,206,bison_2,bison_2-206,22.0695,n,,,
26,7,2022,7/26/2022,207,bison_2,bison_2-207,21.4475,n,,,
27,7,2022,7/27/2022,208,bison_2,bison_2-208,20.7075,n,,,
28,7,2022,7/28/2022,209,bison_2,bison_2-209,23.04525,n,,,
29,7,2022,7/29/2022,210,bison_2,bison_2-210,29.148,n,,,
30,7,2022,7/30/2022,211,bison_2,bison_2-211,25.79125,n,,,
31,7,2022,7/31/2022,212,bison_2,bison_2-212,28.39725,n,,,
1,8,2022,8/1/2022,213,bison_2,bison_2-213,31.1,n,,,
2,8,2022,8/2/2022,214,bison_2,bison_2-214,20.78275,n,,,
3,8,2022,8/3/2022,215,bison_2,bison_2-215,26.49875,n,,,
4,8,2022,8/4/2022,216,bison_2,bison_2-216,24.55775,n,,,
5,8,2022,8/5/2022,217,bison_2,bison_2-217,21.587,n,,,
6,8,2022,8/6/2022,218,bison_2,bison_2-218,16.1495,n,,,
7,8,2022,8/7/2022,219,bison_2,bison_2-219,25.802,n,,,
8,8,2022,8/8/2022,220,bison_2,bison_2-220,28.01125,n,,,
9,8,2022,8/9/2022,221,bison_2,bison_2-221,23.957,n,,,
10,8,2022,8/10/2022,222,bison_2,bison_2-222,27.32475,n,,,
11,8,2022,8/11/2022,223,bison_2,bison_2-223,27.6465,n,,,
12,8,2022,8/12/2022,224,bison_2,bison_2-224,29.84525,YES,28.27216667,24.999075,23.6567875
13,8,2022,8/13/2022,225,bison_2,bison_2-225,28.097,n,,,
14,8,2022,8/14/2022,226,bison_2,bison_2-226,24.5255,n,,,
15,8,2022,8/15/2022,227,bison_2,bison_2-227,23.69975,n,,,
16,8,2022,8/16/2022,228,bison_2,bison_2-228,27.55,n,,,
17,8,2022,8/17/2022,229,bison_2,bison_2-229,24.5575,n,,,
18,8,2022,8/18/2022,230,bison_2,bison_2-230,21.415,n,,,
19,8,2022,8/19/2022,231,bison_2,bison_2-231,25.11525,n,,,
20,8,2022,8/20/2022,232,bison_2,bison_2-232,25.43725,n,,,
21,8,2022,8/21/2022,233,bison_2,bison_2-233,24.225,n,,,
22,8,2022,8/22/2022,234,bison_2,bison_2-234,28.38675,n,,,
23,8,2022,8/23/2022,235,bison_2,bison_2-235,18.14425,n,,,
24,8,2022,8/24/2022,236,bison_2,bison_2-236,21.10425,n,,,
25,8,2022,8/25/2022,237,bison_2,bison_2-237,19.67775,n,,,
26,8,2022,8/26/2022,238,bison_2,bison_2-238,26.23075,n,,,
27,8,2022,8/27/2022,239,bison_2,bison_2-239,26.7455,n,,,
28,8,2022,8/28/2022,240,bison_2,bison_2-240,18.82,n,,,
29,8,2022,8/29/2022,241,bison_2,bison_2-241,23.34575,n,,,
30,8,2022,8/30/2022,242,bison_2,bison_2-242,25.952,n,,,
31,8,2022,8/31/2022,243,bison_2,bison_2-243,27.979,n,,,
1,9,2022,9/1/2022,244,bison_2,bison_2-244,23.217,n,,,
2,9,2022,9/2/2022,245,bison_2,bison_2-245,NA,n,,,
3,9,2022,9/3/2022,246,bison_2,bison_2-246,NA,n,,,
9,6,2022,6/9/2022,160,bison_3,bison_3-160,NA,n,,,
10,6,2022,6/10/2022,161,bison_3,bison_3-161,NA,n,,,
11,6,2022,6/11/2022,162,bison_3,bison_3-162,NA,n,,,
12,6,2022,6/12/2022,163,bison_3,bison_3-163,NA,n,,,
13,6,2022,6/13/2022,164,bison_3,bison_3-164,NA,n,,,
14,6,2022,6/14/2022,165,bison_3,bison_3-165,NA,n,,,
15,6,2022,6/15/2022,166,bison_3,bison_3-166,13.57525,n,,,
16,6,2022,6/16/2022,167,bison_3,bison_3-167,21.35075,n,,,
17,6,2022,6/17/2022,168,bison_3,bison_3-168,28.762,n,,,
18,6,2022,6/18/2022,169,bison_3,bison_3-169,25.89825,n,,,
19,6,2022,6/19/2022,170,bison_3,bison_3-170,14.75475,n,,,
20,6,2022,6/20/2022,171,bison_3,bison_3-171,18.79825,n,,,
21,6,2022,6/21/2022,172,bison_3,bison_3-172,19.17375,n,,,
22,6,2022,6/22/2022,173,bison_3,bison_3-173,23.83925,n,,,
23,6,2022,6/23/2022,174,bison_3,bison_3-174,23.63525,YES,22.21608333,,
24,6,2022,6/24/2022,175,bison_3,bison_3-175,16.41725,n,,,
25,6,2022,6/25/2022,176,bison_3,bison_3-176,15.91325,n,,,
26,6,2022,6/26/2022,177,bison_3,bison_3-177,19.29175,n,,,
27,6,2022,6/27/2022,178,bison_3,bison_3-178,24.13925,n,,,
28,6,2022,6/28/2022,179,bison_3,bison_3-179,25.37275,n,,,
29,6,2022,6/29/2022,180,bison_3,bison_3-180,19.62425,n,,,
30,6,2022,6/30/2022,181,bison_3,bison_3-181,20.12825,n,,,
1,7,2022,7/1/2022,182,bison_3,bison_3-182,25.062,n,,,
2,7,2022,7/2/2022,183,bison_3,bison_3-183,25.6625,n,,,
3,7,2022,7/3/2022,184,bison_3,bison_3-184,17.919,n,,,
4,7,2022,7/4/2022,185,bison_3,bison_3-185,23.9465,n,,,
5,7,2022,7/5/2022,186,bison_3,bison_3-186,19.9995,n,,,
6,7,2022,7/6/2022,187,bison_3,bison_3-187,22.9595,n,,,
7,7,2022,7/7/2022,188,bison_3,bison_3-188,23.807,n,,,
8,7,2022,7/8/2022,189,bison_3,bison_3-189,27.0565,n,,,
9,7,2022,7/9/2022,190,bison_3,bison_3-190,25.126,n,,,
10,7,2022,7/10/2022,191,bison_3,bison_3-191,20.3,n,,,
11,7,2022,7/11/2022,192,bison_3,bison_3-192,20.79325,n,,,
12,7,2022,7/12/2022,193,bison_3,bison_3-193,25.7805,n,,,
13,7,2022,7/13/2022,194,bison_3,bison_3-194,27.786,n,,,
14,7,2022,7/14/2022,195,bison_3,bison_3-195,27.432,n,,,
15,7,2022,7/15/2022,196,bison_3,bison_3-196,27.81825,YES,27.67875,23.5002375,
16,7,2022,7/16/2022,197,bison_3,bison_3-197,28.12925,n,,,
17,7,2022,7/17/2022,198,bison_3,bison_3-198,33.4915,n,,,
18,7,2022,7/18/2022,199,bison_3,bison_3-199,24.03225,n,,,
19,7,2022,7/19/2022,200,bison_3,bison_3-200,24.87925,n,,,
20,7,2022,7/20/2022,201,bison_3,bison_3-201,26.17725,n,,,
21,7,2022,7/21/2022,202,bison_3,bison_3-202,25.80175,n,,,
22,7,2022,7/22/2022,203,bison_3,bison_3-203,26.4345,n,,,
23,7,2022,7/23/2022,204,bison_3,bison_3-204,23.496,n,,,
24,7,2022,7/24/2022,205,bison_3,bison_3-205,26.65975,n,,,
25,7,2022,7/25/2022,206,bison_3,bison_3-206,22.316,n,,,
26,7,2022,7/26/2022,207,bison_3,bison_3-207,22.6595,n,,,
27,7,2022,7/27/2022,208,bison_3,bison_3-208,21.03975,n,,,
28,7,2022,7/28/2022,209,bison_3,bison_3-209,25.05125,n,,,
29,7,2022,7/29/2022,210,bison_3,bison_3-210,30.2205,n,,,
30,7,2022,7/30/2022,211,bison_3,bison_3-211,26.68125,n,,,
31,7,2022,7/31/2022,212,bison_3,bison_3-212,29.0945,n,,,
1,8,2022,8/1/2022,213,bison_3,bison_3-213,33.92075,n,,,
2,8,2022,8/2/2022,214,bison_3,bison_3-214,22.18725,n,,,
3,8,2022,8/3/2022,215,bison_3,bison_3-215,28.1935,n,,,
4,8,2022,8/4/2022,216,bison_3,bison_3-216,26.4775,n,,,
5,8,2022,8/5/2022,217,bison_3,bison_3-217,22.316,n,,,
6,8,2022,8/6/2022,218,bison_3,bison_3-218,15.066,n,,,
7,8,2022,8/7/2022,219,bison_3,bison_3-219,26.885,n,,,
8,8,2022,8/8/2022,220,bison_3,bison_3-220,28.8475,n,,,
9,8,2022,8/9/2022,221,bison_3,bison_3-221,26.2095,n,,,
10,8,2022,8/10/2022,222,bison_3,bison_3-222,28.12925,n,,,
11,8,2022,8/11/2022,223,bison_3,bison_3-223,27.14225,n,,,
12,8,2022,8/12/2022,224,bison_3,bison_3-224,27.9575,n,,,
13,8,2022,8/13/2022,225,bison_3,bison_3-225,30.39225,n,,,
14,8,2022,8/14/2022,226,bison_3,bison_3-226,25.27625,n,,,
15,8,2022,8/15/2022,227,bison_3,bison_3-227,26.60625,n,,,
16,8,2022,8/16/2022,228,bison_3,bison_3-228,28.215,n,,,
17,8,2022,8/17/2022,229,bison_3,bison_3-229,25.523,YES,26.78141667,26.76705,24.467425
18,8,2022,8/18/2022,230,bison_3,bison_3-230,23.839,n,,,
19,8,2022,8/19/2022,231,bison_3,bison_3-231,26.47725,n,,,
20,8,2022,8/20/2022,232,bison_3,bison_3-232,25.51225,n,,,
21,8,2022,8/21/2022,233,bison_3,bison_3-233,25.49075,n,,,
22,8,2022,8/22/2022,234,bison_3,bison_3-234,27.357,n,,,
23,8,2022,8/23/2022,235,bison_3,bison_3-235,18.026,n,,,
24,8,2022,8/24/2022,236,bison_3,bison_3-236,21.941,n,,,
25,8,2022,8/25/2022,237,bison_3,bison_3-237,20.09625,n,,,
26,8,2022,8/26/2022,238,bison_3,bison_3-238,25.748,n,,,
27,8,2022,8/27/2022,239,bison_3,bison_3-239,25.255,n,,,
28,8,2022,8/28/2022,240,bison_3,bison_3-240,17.92975,n,,,
29,8,2022,8/29/2022,241,bison_3,bison_3-241,23.81775,n,,,
30,8,2022,8/30/2022,242,bison_3,bison_3-242,27.39975,n,,,
31,8,2022,8/31/2022,243,bison_3,bison_3-243,28.82625,n,,,
1,9,2022,9/1/2022,244,bison_3,bison_3-244,NA,n,,,
2,9,2022,9/2/2022,245,bison_3,bison_3-245,NA,n,,,
3,9,2022,9/3/2022,246,bison_3,bison_3-246,NA,n,,,
9,6,2022,6/9/2022,160,cattle_1,cattle_1-160,NA,n,,,
10,6,2022,6/10/2022,161,cattle_1,cattle_1-161,NA,n,,,
11,6,2022,6/11/2022,162,cattle_1,cattle_1-162,NA,n,,,
12,6,2022,6/12/2022,163,cattle_1,cattle_1-163,NA,n,,,
13,6,2022,6/13/2022,164,cattle_1,cattle_1-164,NA,n,,,
14,6,2022,6/14/2022,165,cattle_1,cattle_1-165,12.42775,n,,,
15,6,2022,6/15/2022,166,cattle_1,cattle_1-166,11.7735,YES,12.100625,,
16,6,2022,6/16/2022,167,cattle_1,cattle_1-167,22.52,n,,,
17,6,2022,6/17/2022,168,cattle_1,cattle_1-168,28.2365,n,,,
18,6,2022,6/18/2022,169,cattle_1,cattle_1-169,26.20925,n,,,
19,6,2022,6/19/2022,170,cattle_1,cattle_1-170,14.562,n,,,
20,6,2022,6/20/2022,171,cattle_1,cattle_1-171,17.018,n,,,
21,6,2022,6/21/2022,172,cattle_1,cattle_1-172,18.412,n,,,
22,6,2022,6/22/2022,173,cattle_1,cattle_1-173,24.515,n,,,
23,6,2022,6/23/2022,174,cattle_1,cattle_1-174,22.6485,n,,,
24,6,2022,6/24/2022,175,cattle_1,cattle_1-175,16.857,n,,,
25,6,2022,6/25/2022,176,cattle_1,cattle_1-176,15.64525,n,,,
26,6,2022,6/26/2022,177,cattle_1,cattle_1-177,22.3485,n,,,
27,6,2022,6/27/2022,178,cattle_1,cattle_1-178,26.9495,n,,,
28,6,2022,6/28/2022,179,cattle_1,cattle_1-179,24.665,n,,,
29,6,2022,6/29/2022,180,cattle_1,cattle_1-180,21.89775,n,,,
30,6,2022,6/30/2022,181,cattle_1,cattle_1-181,21.533,n,,,
1,7,2022,7/1/2022,182,cattle_1,cattle_1-182,24.869,n,,,
2,7,2022,7/2/2022,183,cattle_1,cattle_1-183,27.62525,n,,,
3,7,2022,7/3/2022,184,cattle_1,cattle_1-184,16.2995,n,,,
4,7,2022,7/4/2022,185,cattle_1,cattle_1-185,23.603,n,,,
5,7,2022,7/5/2022,186,cattle_1,cattle_1-186,18.27275,n,,,
6,7,2022,7/6/2022,187,cattle_1,cattle_1-187,23.82825,n,,,
7,7,2022,7/7/2022,188,cattle_1,cattle_1-188,24.268,n,,,
8,7,2022,7/8/2022,189,cattle_1,cattle_1-189,25.3085,n,,,
9,7,2022,7/9/2022,190,cattle_1,cattle_1-190,23.32425,n,,,
10,7,2022,7/10/2022,191,cattle_1,cattle_1-191,19.36675,n,,,
11,7,2022,7/11/2022,192,cattle_1,cattle_1-192,22.906,n,,,
12,7,2022,7/12/2022,193,cattle_1,cattle_1-193,27.13175,n,,,
13,7,2022,7/13/2022,194,cattle_1,cattle_1-194,28.3115,n,,,
14,7,2022,7/14/2022,195,cattle_1,cattle_1-195,28.15075,YES,27.86466667,23.3152125,
15,7,2022,7/15/2022,196,cattle_1,cattle_1-196,25.63025,n,,,
16,7,2022,7/16/2022,197,cattle_1,cattle_1-197,28.6545,n,,,
17,7,2022,7/17/2022,198,cattle_1,cattle_1-198,32.1405,n,,,
18,7,2022,7/18/2022,199,cattle_1,cattle_1-199,22.75575,n,,,
19,7,2022,7/19/2022,200,cattle_1,cattle_1-200,23.6565,n,,,
20,7,2022,7/20/2022,201,cattle_1,cattle_1-201,25.86625,n,,,
21,7,2022,7/21/2022,202,cattle_1,cattle_1-202,27.679,n,,,
22,7,2022,7/22/2022,203,cattle_1,cattle_1-203,26.0055,n,,,
23,7,2022,7/23/2022,204,cattle_1,cattle_1-204,25.55525,n,,,
24,7,2022,7/24/2022,205,cattle_1,cattle_1-205,25.834,n,,,
25,7,2022,7/25/2022,206,cattle_1,cattle_1-206,22.2195,n,,,
26,7,2022,7/26/2022,207,cattle_1,cattle_1-207,22.70225,n,,,
27,7,2022,7/27/2022,208,cattle_1,cattle_1-208,24.03225,n,,,
28,7,2022,7/28/2022,209,cattle_1,cattle_1-209,28.569,n,,,
29,7,2022,7/29/2022,210,cattle_1,cattle_1-210,31.82925,n,,,
30,7,2022,7/30/2022,211,cattle_1,cattle_1-211,26.46675,n,,,
31,7,2022,7/31/2022,212,cattle_1,cattle_1-212,30.20975,n,,,
1,8,2022,8/1/2022,213,cattle_1,cattle_1-213,30.9285,n,,,
2,8,2022,8/2/2022,214,cattle_1,cattle_1-214,27.31425,n,,,
3,8,2022,8/3/2022,215,cattle_1,cattle_1-215,26.93875,n,,,
4,8,2022,8/4/2022,216,cattle_1,cattle_1-216,25.39425,n,,,
5,8,2022,8/5/2022,217,cattle_1,cattle_1-217,21.34,n,,,
6,8,2022,8/6/2022,218,cattle_1,cattle_1-218,16.79275,n,,,
7,8,2022,8/7/2022,219,cattle_1,cattle_1-219,25.5875,n,,,
8,8,2022,8/8/2022,220,cattle_1,cattle_1-220,28.72975,n,,,
9,8,2022,8/9/2022,221,cattle_1,cattle_1-221,28.72975,n,,,
10,8,2022,8/10/2022,222,cattle_1,cattle_1-222,29.824,n,,,
11,8,2022,8/11/2022,223,cattle_1,cattle_1-223,29.8555,n,,,
12,8,2022,8/12/2022,224,cattle_1,cattle_1-224,31.97925,n,,,
13,8,2022,8/13/2022,225,cattle_1,cattle_1-225,30.3495,n,,,
14,8,2022,8/14/2022,226,cattle_1,cattle_1-226,28.558,n,,,
15,8,2022,8/15/2022,227,cattle_1,cattle_1-227,28.50475,n,,,
16,8,2022,8/16/2022,228,cattle_1,cattle_1-228,31.175,n,,,
17,8,2022,8/17/2022,229,cattle_1,cattle_1-229,27.3245,n,,,
18,8,2022,8/18/2022,230,cattle_1,cattle_1-230,26.649,YES,28.38283333,27.632575,25.19226667
19,8,2022,8/19/2022,231,cattle_1,cattle_1-231,27.239,n,,,
20,8,2022,8/20/2022,232,cattle_1,cattle_1-232,28.526,n,,,
21,8,2022,8/21/2022,233,cattle_1,cattle_1-233,29.00875,n,,,
22,8,2022,8/22/2022,234,cattle_1,cattle_1-234,28.90125,n,,,
23,8,2022,8/23/2022,235,cattle_1,cattle_1-235,21.962,n,,,
24,8,2022,8/24/2022,236,cattle_1,cattle_1-236,20.525,n,,,
25,8,2022,8/25/2022,237,cattle_1,cattle_1-237,21.2115,n,,,
26,8,2022,8/26/2022,238,cattle_1,cattle_1-238,24.26825,n,,,
27,8,2022,8/27/2022,239,cattle_1,cattle_1-239,23.34575,n,,,
28,8,2022,8/28/2022,240,cattle_1,cattle_1-240,16.88925,n,,,
29,8,2022,8/29/2022,241,cattle_1,cattle_1-241,23.77475,n,,,
30,8,2022,8/30/2022,242,cattle_1,cattle_1-242,29.56625,n,,,
31,8,2022,8/31/2022,243,cattle_1,cattle_1-243,29.9095,n,,,
1,9,2022,9/1/2022,244,cattle_1,cattle_1-244,26.7885,n,,,
2,9,2022,9/2/2022,245,cattle_1,cattle_1-245,27.7215,n,,,
3,9,2022,9/3/2022,246,cattle_1,cattle_1-246,NA,n,,,
9,6,2022,6/9/2022,160,cattle_2,cattle_2-160,NA,n,,,
10,6,2022,6/10/2022,161,cattle_2,cattle_2-161,NA,n,,,
11,6,2022,6/11/2022,162,cattle_2,cattle_2-162,20.08525,n,,,
12,6,2022,6/12/2022,163,cattle_2,cattle_2-163,19.7955,n,,,
13,6,2022,6/13/2022,164,cattle_2,cattle_2-164,13.8755,n,,,
14,6,2022,6/14/2022,165,cattle_2,cattle_2-165,11.92325,n,,,
15,6,2022,6/15/2022,166,cattle_2,cattle_2-166,12.717,YES,12.83858333,,
16,6,2022,6/16/2022,167,cattle_2,cattle_2-167,22.4555,n,,,
17,6,2022,6/17/2022,168,cattle_2,cattle_2-168,30.89625,n,,,
18,6,2022,6/18/2022,169,cattle_2,cattle_2-169,24.70775,n,,,
19,6,2022,6/19/2022,170,cattle_2,cattle_2-170,13.972,n,,,
20,6,2022,6/20/2022,171,cattle_2,cattle_2-171,18.81975,n,,,
21,6,2022,6/21/2022,172,cattle_2,cattle_2-172,18.305,n,,,
22,6,2022,6/22/2022,173,cattle_2,cattle_2-173,22.327,n,,,
23,6,2022,6/23/2022,174,cattle_2,cattle_2-174,23.72125,n,,,
24,6,2022,6/24/2022,175,cattle_2,cattle_2-175,14.93725,n,,,
25,6,2022,6/25/2022,176,cattle_2,cattle_2-176,14.78725,n,,,
26,6,2022,6/26/2022,177,cattle_2,cattle_2-177,22.166,n,,,
27,6,2022,6/27/2022,178,cattle_2,cattle_2-178,22.95975,n,,,
28,6,2022,6/28/2022,179,cattle_2,cattle_2-179,24.783,n,,,
29,6,2022,6/29/2022,180,cattle_2,cattle_2-180,21.104,n,,,
30,6,2022,6/30/2022,181,cattle_2,cattle_2-181,17.833,n,,,
1,7,2022,7/1/2022,182,cattle_2,cattle_2-182,20.80375,n,,,
2,7,2022,7/2/2022,183,cattle_2,cattle_2-183,25.0725,n,,,
3,7,2022,7/3/2022,184,cattle_2,cattle_2-184,17.683,n,,,
4,7,2022,7/4/2022,185,cattle_2,cattle_2-185,21.812,n,,,
5,7,2022,7/5/2022,186,cattle_2,cattle_2-186,18.1335,n,,,
6,7,2022,7/6/2022,187,cattle_2,cattle_2-187,23.024,n,,,
7,7,2022,7/7/2022,188,cattle_2,cattle_2-188,25.80175,n,,,
8,7,2022,7/8/2022,189,cattle_2,cattle_2-189,27.121,n,,,
9,7,2022,7/9/2022,190,cattle_2,cattle_2-190,25.85575,n,,,
10,7,2022,7/10/2022,191,cattle_2,cattle_2-191,18.41225,n,,,
11,7,2022,7/11/2022,192,cattle_2,cattle_2-192,22.05875,n,,,
12,7,2022,7/12/2022,193,cattle_2,cattle_2-193,27.34625,n,,,
13,7,2022,7/13/2022,194,cattle_2,cattle_2-194,26.5095,n,,,
14,7,2022,7/14/2022,195,cattle_2,cattle_2-195,26.2845,n,,,
15,7,2022,7/15/2022,196,cattle_2,cattle_2-196,24.76125,n,,,
16,7,2022,7/16/2022,197,cattle_2,cattle_2-197,25.9305,n,,,
17,7,2022,7/17/2022,198,cattle_2,cattle_2-198,31.143,n,,,
18,7,2022,7/18/2022,199,cattle_2,cattle_2-199,19.58125,n,,,
19,7,2022,7/19/2022,200,cattle_2,cattle_2-200,24.65425,n,,,
20,7,2022,7/20/2022,201,cattle_2,cattle_2-201,22.831,YES,22.3555,23.7409875,
21,7,2022,7/21/2022,202,cattle_2,cattle_2-202,23.088,n,,,
22,7,2022,7/22/2022,203,cattle_2,cattle_2-203,25.5335,n,,,
23,7,2022,7/23/2022,204,cattle_2,cattle_2-204,22.05875,n,,,
24,7,2022,7/24/2022,205,cattle_2,cattle_2-205,28.4615,n,,,
25,7,2022,7/25/2022,206,cattle_2,cattle_2-206,23.9035,n,,,
26,7,2022,7/26/2022,207,cattle_2,cattle_2-207,22.756,n,,,
27,7,2022,7/27/2022,208,cattle_2,cattle_2-208,21.06125,n,,,
28,7,2022,7/28/2022,209,cattle_2,cattle_2-209,27.12075,n,,,
29,7,2022,7/29/2022,210,cattle_2,cattle_2-210,32.6015,n,,,
30,7,2022,7/30/2022,211,cattle_2,cattle_2-211,25.5765,n,,,
31,7,2022,7/31/2022,212,cattle_2,cattle_2-212,31.11075,n,,,
1,8,2022,8/1/2022,213,cattle_2,cattle_2-213,31.4325,n,,,
2,8,2022,8/2/2022,214,cattle_2,cattle_2-214,22.284,n,,,
3,8,2022,8/3/2022,215,cattle_2,cattle_2-215,27.30325,n,,,
4,8,2022,8/4/2022,216,cattle_2,cattle_2-216,23.56025,n,,,
5,8,2022,8/5/2022,217,cattle_2,cattle_2-217,19.356,n,,,
6,8,2022,8/6/2022,218,cattle_2,cattle_2-218,16.2885,n,,,
7,8,2022,8/7/2022,219,cattle_2,cattle_2-219,25.36225,n,,,
8,8,2022,8/8/2022,220,cattle_2,cattle_2-220,27.18525,n,,,
9,8,2022,8/9/2022,221,cattle_2,cattle_2-221,26.07,n,,,
10,8,2022,8/10/2022,222,cattle_2,cattle_2-222,28.41875,n,,,
11,8,2022,8/11/2022,223,cattle_2,cattle_2-223,29.10525,n,,,
12,8,2022,8/12/2022,224,cattle_2,cattle_2-224,29.8775,YES,29.13383333,25.9417625,23.37917083
13,8,2022,8/13/2022,225,cattle_2,cattle_2-225,27.582,n,,,
14,8,2022,8/14/2022,226,cattle_2,cattle_2-226,25.641,n,,,
15,8,2022,8/15/2022,227,cattle_2,cattle_2-227,26.18775,n,,,
16,8,2022,8/16/2022,228,cattle_2,cattle_2-228,30.7995,n,,,
17,8,2022,8/17/2022,229,cattle_2,cattle_2-229,25.4155,n,,,
18,8,2022,8/18/2022,230,cattle_2,cattle_2-230,23.23825,n,,,
19,8,2022,8/19/2022,231,cattle_2,cattle_2-231,27.303,n,,,
20,8,2022,8/20/2022,232,cattle_2,cattle_2-232,28.11825,n,,,
21,8,2022,8/21/2022,233,cattle_2,cattle_2-233,26.102,n,,,
22,8,2022,8/22/2022,234,cattle_2,cattle_2-234,26.24175,n,,,
23,8,2022,8/23/2022,235,cattle_2,cattle_2-235,19.12,n,,,
24,8,2022,8/24/2022,236,cattle_2,cattle_2-236,22.4235,n,,,
25,8,2022,8/25/2022,237,cattle_2,cattle_2-237,21.91925,n,,,
26,8,2022,8/26/2022,238,cattle_2,cattle_2-238,24.17175,n,,,
27,8,2022,8/27/2022,239,cattle_2,cattle_2-239,24.4185,n,,,
28,8,2022,8/28/2022,240,cattle_2,cattle_2-240,17.56475,n,,,
29,8,2022,8/29/2022,241,cattle_2,cattle_2-241,23.4635,n,,,
30,8,2022,8/30/2022,242,cattle_2,cattle_2-242,25.169,n,,,
31,8,2022,8/31/2022,243,cattle_2,cattle_2-243,28.22575,n,,,
1,9,2022,9/1/2022,244,cattle_2,cattle_2-244,25.008,n,,,
2,9,2022,9/2/2022,245,cattle_2,cattle_2-245,NA,n,,,
3,9,2022,9/3/2022,246,cattle_2,cattle_2-246,NA,n,,,
9,6,2022,6/9/2022,160,cattle_3,cattle_3-160,NA,n,,,
10,6,2022,6/10/2022,161,cattle_3,cattle_3-161,NA,n,,,
11,6,2022,6/11/2022,162,cattle_3,cattle_3-162,NA,n,,,
12,6,2022,6/12/2022,163,cattle_3,cattle_3-163,NA,n,,,
13,6,2022,6/13/2022,164,cattle_3,cattle_3-164,NA,n,,,
14,6,2022,6/14/2022,165,cattle_3,cattle_3-165,NA,n,,,
15,6,2022,6/15/2022,166,cattle_3,cattle_3-166,NA,n,,,
16,6,2022,6/16/2022,167,cattle_3,cattle_3-167,NA,n,,,
17,6,2022,6/17/2022,168,cattle_3,cattle_3-168,NA,n,,,
18,6,2022,6/18/2022,169,cattle_3,cattle_3-169,24.53625,n,,,
19,6,2022,6/19/2022,170,cattle_3,cattle_3-170,14.519,n,,,
20,6,2022,6/20/2022,171,cattle_3,cattle_3-171,17.608,n,,,
21,6,2022,6/21/2022,172,cattle_3,cattle_3-172,18.5625,n,,,
22,6,2022,6/22/2022,173,cattle_3,cattle_3-173,23.96775,n,,,
23,6,2022,6/23/2022,174,cattle_3,cattle_3-174,23.1205,n,,,
24,6,2022,6/24/2022,175,cattle_3,cattle_3-175,15.05525,n,,,
25,6,2022,6/25/2022,176,cattle_3,cattle_3-176,16.8035,YES,18.32641667,,
26,6,2022,6/26/2022,177,cattle_3,cattle_3-177,21.19,n,,,
27,6,2022,6/27/2022,178,cattle_3,cattle_3-178,24.55775,n,,,
28,6,2022,6/28/2022,179,cattle_3,cattle_3-179,25.14775,n,,,
29,6,2022,6/29/2022,180,cattle_3,cattle_3-180,22.005,n,,,
30,6,2022,6/30/2022,181,cattle_3,cattle_3-181,20.9005,n,,,
1,7,2022,7/1/2022,182,cattle_3,cattle_3-182,23.87125,n,,,
2,7,2022,7/2/2022,183,cattle_3,cattle_3-183,25.50175,n,,,
3,7,2022,7/3/2022,184,cattle_3,cattle_3-184,17.404,n,,,
4,7,2022,7/4/2022,185,cattle_3,cattle_3-185,22.67,n,,,
5,7,2022,7/5/2022,186,cattle_3,cattle_3-186,17.919,n,,,
6,7,2022,7/6/2022,187,cattle_3,cattle_3-187,23.71025,n,,,
7,7,2022,7/7/2022,188,cattle_3,cattle_3-188,22.788,n,,,
8,7,2022,7/8/2022,189,cattle_3,cattle_3-189,25.12625,n,,,
9,7,2022,7/9/2022,190,cattle_3,cattle_3-190,24.1715,n,,,
10,7,2022,7/10/2022,191,cattle_3,cattle_3-191,20.50375,n,,,
11,7,2022,7/11/2022,192,cattle_3,cattle_3-192,23.453,n,,,
12,7,2022,7/12/2022,193,cattle_3,cattle_3-193,26.381,n,,,
13,7,2022,7/13/2022,194,cattle_3,cattle_3-194,27.24975,n,,,
14,7,2022,7/14/2022,195,cattle_3,cattle_3-195,29.74875,n,,,
15,7,2022,7/15/2022,196,cattle_3,cattle_3-196,26.32725,n,,,
16,7,2022,7/16/2022,197,cattle_3,cattle_3-197,29.0945,n,,,
17,7,2022,7/17/2022,198,cattle_3,cattle_3-198,32.16175,n,,,
18,7,2022,7/18/2022,199,cattle_3,cattle_3-199,20.686,n,,,
19,7,2022,7/19/2022,200,cattle_3,cattle_3-200,25.71625,n,,,
20,7,2022,7/20/2022,201,cattle_3,cattle_3-201,26.11275,n,,,
21,7,2022,7/21/2022,202,cattle_3,cattle_3-202,27.08875,YES,26.30591667,24.6907125,
22,7,2022,7/22/2022,203,cattle_3,cattle_3-203,26.971,n,,,
23,7,2022,7/23/2022,204,cattle_3,cattle_3-204,24.7185,n,,,
24,7,2022,7/24/2022,205,cattle_3,cattle_3-205,26.48825,n,,,
25,7,2022,7/25/2022,206,cattle_3,cattle_3-206,24.15025,n,,,
26,7,2022,7/26/2022,207,cattle_3,cattle_3-207,25.00825,n,,,
27,7,2022,7/27/2022,208,cattle_3,cattle_3-208,24.08575,n,,,
28,7,2022,7/28/2022,209,cattle_3,cattle_3-209,25.90925,n,,,
29,7,2022,7/29/2022,210,cattle_3,cattle_3-210,31.16425,n,,,
30,7,2022,7/30/2022,211,cattle_3,cattle_3-211,27.8825,n,,,
31,7,2022,7/31/2022,212,cattle_3,cattle_3-212,29.87725,n,,,
1,8,2022,8/1/2022,213,cattle_3,cattle_3-213,32.78375,n,,,
2,8,2022,8/2/2022,214,cattle_3,cattle_3-214,26.19875,n,,,
3,8,2022,8/3/2022,215,cattle_3,cattle_3-215,29.416,n,,,
4,8,2022,8/4/2022,216,cattle_3,cattle_3-216,27.904,n,,,
5,8,2022,8/5/2022,217,cattle_3,cattle_3-217,21.82275,n,,,
6,8,2022,8/6/2022,218,cattle_3,cattle_3-218,14.487,n,,,
7,8,2022,8/7/2022,219,cattle_3,cattle_3-219,26.75625,n,,,
8,8,2022,8/8/2022,220,cattle_3,cattle_3-220,28.70825,n,,,
9,8,2022,8/9/2022,221,cattle_3,cattle_3-221,25.8875,n,,,
10,8,2022,8/10/2022,222,cattle_3,cattle_3-222,28.65475,n,,,
11,8,2022,8/11/2022,223,cattle_3,cattle_3-223,30.79975,n,,,
12,8,2022,8/12/2022,224,cattle_3,cattle_3-224,28.129,n,,,
13,8,2022,8/13/2022,225,cattle_3,cattle_3-225,29.83475,n,,,
14,8,2022,8/14/2022,226,cattle_3,cattle_3-226,30.0275,n,,,
15,8,2022,8/15/2022,227,cattle_3,cattle_3-227,27.829,n,,,
16,8,2022,8/16/2022,228,cattle_3,cattle_3-228,29.64125,n,,,
17,8,2022,8/17/2022,229,cattle_3,cattle_3-229,27.7325,YES,28.40091667,27.7768375,24.89985
18,8,2022,8/18/2022,230,cattle_3,cattle_3-230,26.059,n,,,
19,8,2022,8/19/2022,231,cattle_3,cattle_3-231,27.078,n,,,
20,8,2022,8/20/2022,232,cattle_3,cattle_3-232,26.81,n,,,
21,8,2022,8/21/2022,233,cattle_3,cattle_3-233,28.38675,n,,,
22,8,2022,8/22/2022,234,cattle_3,cattle_3-234,27.9145,n,,,
23,8,2022,8/23/2022,235,cattle_3,cattle_3-235,20.11775,n,,,
24,8,2022,8/24/2022,236,cattle_3,cattle_3-236,20.85775,n,,,
25,8,2022,8/25/2022,237,cattle_3,cattle_3-237,19.34525,n,,,
26,8,2022,8/26/2022,238,cattle_3,cattle_3-238,25.04025,n,,,
27,8,2022,8/27/2022,239,cattle_3,cattle_3-239,24.472,n,,,
28,8,2022,8/28/2022,240,cattle_3,cattle_3-240,19.95675,n,,,
29,8,2022,8/29/2022,241,cattle_3,cattle_3-241,24.2575,n,,,
30,8,2022,8/30/2022,242,cattle_3,cattle_3-242,29.3735,n,,,
31,8,2022,8/31/2022,243,cattle_3,cattle_3-243,30.8855,n,,,
1,9,2022,9/1/2022,244,cattle_3,cattle_3-244,NA,n,,,
2,9,2022,9/2/2022,245,cattle_3,cattle_3-245,NA,n,,,
3,9,2022,9/3/2022,246,cattle_3,cattle_3-246,NA,n,,,
9,6,2022,6/9/2022,160,ungrazed_1,ungrazed_1-160,NA,n,,,
10,6,2022,6/10/2022,161,ungrazed_1,ungrazed_1-161,21.1795,n,,,
11,6,2022,6/11/2022,162,ungrazed_1,ungrazed_1-162,22.13375,YES,21.656625,,
12,6,2022,6/12/2022,163,ungrazed_1,ungrazed_1-163,22.756,n,,,
13,6,2022,6/13/2022,164,ungrazed_1,ungrazed_1-164,15.956,n,,,
14,6,2022,6/14/2022,165,ungrazed_1,ungrazed_1-165,14.60475,n,,,
15,6,2022,6/15/2022,166,ungrazed_1,ungrazed_1-166,13.543,n,,,
16,6,2022,6/16/2022,167,ungrazed_1,ungrazed_1-167,24.58975,n,,,
17,6,2022,6/17/2022,168,ungrazed_1,ungrazed_1-168,28.80475,n,,,
18,6,2022,6/18/2022,169,ungrazed_1,ungrazed_1-169,26.5095,n,,,
19,6,2022,6/19/2022,170,ungrazed_1,ungrazed_1-170,15.849,n,,,
20,6,2022,6/20/2022,171,ungrazed_1,ungrazed_1-171,19.8495,n,,,
21,6,2022,6/21/2022,172,ungrazed_1,ungrazed_1-172,16.6425,n,,,
22,6,2022,6/22/2022,173,ungrazed_1,ungrazed_1-173,23.30275,n,,,
23,6,2022,6/23/2022,174,ungrazed_1,ungrazed_1-174,22.745,n,,,
24,6,2022,6/24/2022,175,ungrazed_1,ungrazed_1-175,16.1385,n,,,
25,6,2022,6/25/2022,176,ungrazed_1,ungrazed_1-176,15.4735,n,,,
26,6,2022,6/26/2022,177,ungrazed_1,ungrazed_1-177,19.1415,n,,,
27,6,2022,6/27/2022,178,ungrazed_1,ungrazed_1-178,20.3965,n,,,
28,6,2022,6/28/2022,179,ungrazed_1,ungrazed_1-179,24.30025,n,,,
29,6,2022,6/29/2022,180,ungrazed_1,ungrazed_1-180,22.39125,n,,,
30,6,2022,6/30/2022,181,ungrazed_1,ungrazed_1-181,17.1895,n,,,
1,7,2022,7/1/2022,182,ungrazed_1,ungrazed_1-182,23.2815,n,,,
2,7,2022,7/2/2022,183,ungrazed_1,ungrazed_1-183,25.8445,n,,,
3,7,2022,7/3/2022,184,ungrazed_1,ungrazed_1-184,17.7685,n,,,
4,7,2022,7/4/2022,185,ungrazed_1,ungrazed_1-185,23.528,n,,,
5,7,2022,7/5/2022,186,ungrazed_1,ungrazed_1-186,17.3825,n,,,
6,7,2022,7/6/2022,187,ungrazed_1,ungrazed_1-187,22.048,n,,,
7,7,2022,7/7/2022,188,ungrazed_1,ungrazed_1-188,24.10725,n,,,
8,7,2022,7/8/2022,189,ungrazed_1,ungrazed_1-189,26.306,n,,,
9,7,2022,7/9/2022,190,ungrazed_1,ungrazed_1-190,23.9355,n,,,
10,7,2022,7/10/2022,191,ungrazed_1,ungrazed_1-191,20.71825,n,,,
11,7,2022,7/11/2022,192,ungrazed_1,ungrazed_1-192,21.8655,n,,,
12,7,2022,7/12/2022,193,ungrazed_1,ungrazed_1-193,27.11025,n,,,
13,7,2022,7/13/2022,194,ungrazed_1,ungrazed_1-194,27.003,n,,,
14,7,2022,7/14/2022,195,ungrazed_1,ungrazed_1-195,25.523,n,,,
15,7,2022,7/15/2022,196,ungrazed_1,ungrazed_1-196,23.88225,n,,,
16,7,2022,7/16/2022,197,ungrazed_1,ungrazed_1-197,26.19875,n,,,
17,7,2022,7/17/2022,198,ungrazed_1,ungrazed_1-198,28.451,n,,,
18,7,2022,7/18/2022,199,ungrazed_1,ungrazed_1-199,22.98125,n,,,
19,7,2022,7/19/2022,200,ungrazed_1,ungrazed_1-200,23.15275,n,,,
20,7,2022,7/20/2022,201,ungrazed_1,ungrazed_1-201,23.03475,n,,,
21,7,2022,7/21/2022,202,ungrazed_1,ungrazed_1-202,22.94875,YES,23.04541667,23.6894875,
22,7,2022,7/22/2022,203,ungrazed_1,ungrazed_1-203,26.4345,n,,,
23,7,2022,7/23/2022,204,ungrazed_1,ungrazed_1-204,22.8525,n,,,
24,7,2022,7/24/2022,205,ungrazed_1,ungrazed_1-205,25.169,n,,,
25,7,2022,7/25/2022,206,ungrazed_1,ungrazed_1-206,22.62725,n,,,
26,7,2022,7/26/2022,207,ungrazed_1,ungrazed_1-207,24.46125,n,,,
27,7,2022,7/27/2022,208,ungrazed_1,ungrazed_1-208,19.946,n,,,
28,7,2022,7/28/2022,209,ungrazed_1,ungrazed_1-209,25.48,n,,,
29,7,2022,7/29/2022,210,ungrazed_1,ungrazed_1-210,31.12125,n,,,
30,7,2022,7/30/2022,211,ungrazed_1,ungrazed_1-211,25.90925,n,,,
31,7,2022,7/31/2022,212,ungrazed_1,ungrazed_1-212,29.41625,n,,,
1,8,2022,8/1/2022,213,ungrazed_1,ungrazed_1-213,30.31725,n,,,
2,8,2022,8/2/2022,214,ungrazed_1,ungrazed_1-214,26.25225,n,,,
3,8,2022,8/3/2022,215,ungrazed_1,ungrazed_1-215,25.69425,n,,,
4,8,2022,8/4/2022,216,ungrazed_1,ungrazed_1-216,24.80425,n,,,
5,8,2022,8/5/2022,217,ungrazed_1,ungrazed_1-217,22.1445,n,,,
6,8,2022,8/6/2022,218,ungrazed_1,ungrazed_1-218,17.48975,n,,,
7,8,2022,8/7/2022,219,ungrazed_1,ungrazed_1-219,23.1525,n,,,
8,8,2022,8/8/2022,220,ungrazed_1,ungrazed_1-220,27.34625,n,,,
9,8,2022,8/9/2022,221,ungrazed_1,ungrazed_1-221,28.09675,n,,,
10,8,2022,8/10/2022,222,ungrazed_1,ungrazed_1-222,29.78075,n,,,
11,8,2022,8/11/2022,223,ungrazed_1,ungrazed_1-223,27.71075,n,,,
12,8,2022,8/12/2022,224,ungrazed_1,ungrazed_1-224,30.71375,n,,,
13,8,2022,8/13/2022,225,ungrazed_1,ungrazed_1-225,30.70325,n,,,
14,8,2022,8/14/2022,226,ungrazed_1,ungrazed_1-226,26.2845,n,,,
15,8,2022,8/15/2022,227,ungrazed_1,ungrazed_1-227,25.60875,n,,,
16,8,2022,8/16/2022,228,ungrazed_1,ungrazed_1-228,28.33275,n,,,
17,8,2022,8/17/2022,229,ungrazed_1,ungrazed_1-229,25.30825,n,,,
18,8,2022,8/18/2022,230,ungrazed_1,ungrazed_1-230,24.0645,n,,,
19,8,2022,8/19/2022,231,ungrazed_1,ungrazed_1-231,26.54175,n,,,
20,8,2022,8/20/2022,232,ungrazed_1,ungrazed_1-232,27.14225,n,,,
21,8,2022,8/21/2022,233,ungrazed_1,ungrazed_1-233,26.69175,n,,,
22,8,2022,8/22/2022,234,ungrazed_1,ungrazed_1-234,27.3465,n,,,
23,8,2022,8/23/2022,235,ungrazed_1,ungrazed_1-235,19.914,n,,,
24,8,2022,8/24/2022,236,ungrazed_1,ungrazed_1-236,22.60575,YES,23.28875,25.84895,24.632575
25,8,2022,8/25/2022,237,ungrazed_1,ungrazed_1-237,19.978,n,,,
26,8,2022,8/26/2022,238,ungrazed_1,ungrazed_1-238,25.5765,n,,,
27,8,2022,8/27/2022,239,ungrazed_1,ungrazed_1-239,25.00825,n,,,
28,8,2022,8/28/2022,240,ungrazed_1,ungrazed_1-240,17.62925,n,,,
29,8,2022,8/29/2022,241,ungrazed_1,ungrazed_1-241,22.2195,n,,,
30,8,2022,8/30/2022,242,ungrazed_1,ungrazed_1-242,24.633,n,,,
31,8,2022,8/31/2022,243,ungrazed_1,ungrazed_1-243,28.408,n,,,
1,9,2022,9/1/2022,244,ungrazed_1,ungrazed_1-244,25.46925,n,,,
2,9,2022,9/2/2022,245,ungrazed_1,ungrazed_1-245,25.716,n,,,
3,9,2022,9/3/2022,246,ungrazed_1,ungrazed_1-246,31.0035,n,,,
9,6,2022,6/9/2022,160,ungrazed_2,ungrazed_2-160,NA,n,,,
10,6,2022,6/10/2022,161,ungrazed_2,ungrazed_2-161,NA,n,,,
11,6,2022,6/11/2022,162,ungrazed_2,ungrazed_2-162,NA,n,,,
12,6,2022,6/12/2022,163,ungrazed_2,ungrazed_2-163,NA,n,,,
13,6,2022,6/13/2022,164,ungrazed_2,ungrazed_2-164,NA,n,,,
14,6,2022,6/14/2022,165,ungrazed_2,ungrazed_2-165,13.232,n,,,
15,6,2022,6/15/2022,166,ungrazed_2,ungrazed_2-166,12.74925,YES,12.990625,,
16,6,2022,6/16/2022,167,ungrazed_2,ungrazed_2-167,24.815,n,,,
17,6,2022,6/17/2022,168,ungrazed_2,ungrazed_2-168,28.49375,n,,,
18,6,2022,6/18/2022,169,ungrazed_2,ungrazed_2-169,28.708,n,,,
19,6,2022,6/19/2022,170,ungrazed_2,ungrazed_2-170,14.86225,n,,,
20,6,2022,6/20/2022,171,ungrazed_2,ungrazed_2-171,20.1605,n,,,
21,6,2022,6/21/2022,172,ungrazed_2,ungrazed_2-172,21.72625,n,,,
22,6,2022,6/22/2022,173,ungrazed_2,ungrazed_2-173,25.26575,n,,,
23,6,2022,6/23/2022,174,ungrazed_2,ungrazed_2-174,24.6865,n,,,
24,6,2022,6/24/2022,175,ungrazed_2,ungrazed_2-175,17.50075,n,,,
25,6,2022,6/25/2022,176,ungrazed_2,ungrazed_2-176,17.46825,n,,,
26,6,2022,6/26/2022,177,ungrazed_2,ungrazed_2-177,23.1205,n,,,
27,6,2022,6/27/2022,178,ungrazed_2,ungrazed_2-178,28.20425,n,,,
28,6,2022,6/28/2022,179,ungrazed_2,ungrazed_2-179,26.29525,n,,,
29,6,2022,6/29/2022,180,ungrazed_2,ungrazed_2-180,23.76425,n,,,
30,6,2022,6/30/2022,181,ungrazed_2,ungrazed_2-181,20.836,n,,,
1,7,2022,7/1/2022,182,ungrazed_2,ungrazed_2-182,26.252,n,,,
2,7,2022,7/2/2022,183,ungrazed_2,ungrazed_2-183,29.00825,n,,,
3,7,2022,7/3/2022,184,ungrazed_2,ungrazed_2-184,17.7045,n,,,
4,7,2022,7/4/2022,185,ungrazed_2,ungrazed_2-185,24.2465,n,,,
5,7,2022,7/5/2022,186,ungrazed_2,ungrazed_2-186,16.81425,n,,,
6,7,2022,7/6/2022,187,ungrazed_2,ungrazed_2-187,23.87125,n,,,
7,7,2022,7/7/2022,188,ungrazed_2,ungrazed_2-188,25.609,n,,,
8,7,2022,7/8/2022,189,ungrazed_2,ungrazed_2-189,26.60625,n,,,
9,7,2022,7/9/2022,190,ungrazed_2,ungrazed_2-190,25.6515,n,,,
10,7,2022,7/10/2022,191,ungrazed_2,ungrazed_2-191,22.49825,n,,,
11,7,2022,7/11/2022,192,ungrazed_2,ungrazed_2-192,24.815,n,,,
12,7,2022,7/12/2022,193,ungrazed_2,ungrazed_2-193,29.62,n,,,
13,7,2022,7/13/2022,194,ungrazed_2,ungrazed_2-194,30.564,n,,,
14,7,2022,7/14/2022,195,ungrazed_2,ungrazed_2-195,29.67375,YES,29.95258333,24.63115,
15,7,2022,7/15/2022,196,ungrazed_2,ungrazed_2-196,24.547,n,,,
16,7,2022,7/16/2022,197,ungrazed_2,ungrazed_2-197,29.84525,n,,,
17,7,2022,7/17/2022,198,ungrazed_2,ungrazed_2-198,32.51575,n,,,
18,7,2022,7/18/2022,199,ungrazed_2,ungrazed_2-199,24.118,n,,,
19,7,2022,7/19/2022,200,ungrazed_2,ungrazed_2-200,26.00575,n,,,
20,7,2022,7/20/2022,201,ungrazed_2,ungrazed_2-201,27.72175,n,,,
21,7,2022,7/21/2022,202,ungrazed_2,ungrazed_2-202,28.526,n,,,
22,7,2022,7/22/2022,203,ungrazed_2,ungrazed_2-203,28.57975,n,,,
23,7,2022,7/23/2022,204,ungrazed_2,ungrazed_2-204,25.7375,n,,,
24,7,2022,7/24/2022,205,ungrazed_2,ungrazed_2-205,27.28175,n,,,
25,7,2022,7/25/2022,206,ungrazed_2,ungrazed_2-206,24.697,n,,,
26,7,2022,7/26/2022,207,ungrazed_2,ungrazed_2-207,27.2175,n,,,
27,7,2022,7/27/2022,208,ungrazed_2,ungrazed_2-208,27.196,n,,,
28,7,2022,7/28/2022,209,ungrazed_2,ungrazed_2-209,28.9765,n,,,
29,7,2022,7/29/2022,210,ungrazed_2,ungrazed_2-210,32.22625,n,,,
30,7,2022,7/30/2022,211,ungrazed_2,ungrazed_2-211,29.6305,n,,,
31,7,2022,7/31/2022,212,ungrazed_2,ungrazed_2-212,32.25825,n,,,
1,8,2022,8/1/2022,213,ungrazed_2,ungrazed_2-213,34.59625,n,,,
2,8,2022,8/2/2022,214,ungrazed_2,ungrazed_2-214,28.39725,n,,,
3,8,2022,8/3/2022,215,ungrazed_2,ungrazed_2-215,28.73,n,,,
4,8,2022,8/4/2022,216,ungrazed_2,ungrazed_2-216,26.4775,n,,,
5,8,2022,8/5/2022,217,ungrazed_2,ungrazed_2-217,23.82825,n,,,
6,8,2022,8/6/2022,218,ungrazed_2,ungrazed_2-218,16.51375,n,,,
7,8,2022,8/7/2022,219,ungrazed_2,ungrazed_2-219,29.15875,n,,,
8,8,2022,8/8/2022,220,ungrazed_2,ungrazed_2-220,29.223,n,,,
9,8,2022,8/9/2022,221,ungrazed_2,ungrazed_2-221,30.55325,n,,,
10,8,2022,8/10/2022,222,ungrazed_2,ungrazed_2-222,31.29325,n,,,
11,8,2022,8/11/2022,223,ungrazed_2,ungrazed_2-223,34.17825,n,,,
12,8,2022,8/12/2022,224,ungrazed_2,ungrazed_2-224,33.996,n,,,
13,8,2022,8/13/2022,225,ungrazed_2,ungrazed_2-225,32.698,n,,,
14,8,2022,8/14/2022,226,ungrazed_2,ungrazed_2-226,30.596,n,,,
15,8,2022,8/15/2022,227,ungrazed_2,ungrazed_2-227,32.2365,n,,,
16,8,2022,8/16/2022,228,ungrazed_2,ungrazed_2-228,32.387,n,,,
17,8,2022,8/17/2022,229,ungrazed_2,ungrazed_2-229,29.09425,n,,,
18,8,2022,8/18/2022,230,ungrazed_2,ungrazed_2-230,28.56875,YES,30.01666667,29.7207375,26.8594875
19,8,2022,8/19/2022,231,ungrazed_2,ungrazed_2-231,30.28475,n,,,
20,8,2022,8/20/2022,232,ungrazed_2,ungrazed_2-232,29.97375,n,,,
21,8,2022,8/21/2022,233,ungrazed_2,ungrazed_2-233,31.5505,n,,,
22,8,2022,8/22/2022,234,ungrazed_2,ungrazed_2-234,30.25275,n,,,
23,8,2022,8/23/2022,235,ungrazed_2,ungrazed_2-235,20.09625,n,,,
24,8,2022,8/24/2022,236,ungrazed_2,ungrazed_2-236,22.198,n,,,
25,8,2022,8/25/2022,237,ungrazed_2,ungrazed_2-237,22.0695,n,,,
26,8,2022,8/26/2022,238,ungrazed_2,ungrazed_2-238,29.43775,n,,,
27,8,2022,8/27/2022,239,ungrazed_2,ungrazed_2-239,26.2415,n,,,
28,8,2022,8/28/2022,240,ungrazed_2,ungrazed_2-240,18.4445,n,,,
29,8,2022,8/29/2022,241,ungrazed_2,ungrazed_2-241,26.87425,n,,,
30,8,2022,8/30/2022,242,ungrazed_2,ungrazed_2-242,33.68475,n,,,
31,8,2022,8/31/2022,243,ungrazed_2,ungrazed_2-243,31.915,n,,,
1,9,2022,9/1/2022,244,ungrazed_2,ungrazed_2-244,25.60875,n,,,
2,9,2022,9/2/2022,245,ungrazed_2,ungrazed_2-245,29.695,n,,,
3,9,2022,9/3/2022,246,ungrazed_2,ungrazed_2-246,NA,n,,,
9,6,2022,6/9/2022,160,ungrazed_3,ungrazed_3-160,NA,n,,,
10,6,2022,6/10/2022,161,ungrazed_3,ungrazed_3-161,NA,n,,,
11,6,2022,6/11/2022,162,ungrazed_3,ungrazed_3-162,NA,n,,,
12,6,2022,6/12/2022,163,ungrazed_3,ungrazed_3-163,NA,n,,,
13,6,2022,6/13/2022,164,ungrazed_3,ungrazed_3-164,NA,n,,,
14,6,2022,6/14/2022,165,ungrazed_3,ungrazed_3-165,NA,n,,,
15,6,2022,6/15/2022,166,ungrazed_3,ungrazed_3-166,NA,n,,,
16,6,2022,6/16/2022,167,ungrazed_3,ungrazed_3-167,NA,n,,,
17,6,2022,6/17/2022,168,ungrazed_3,ungrazed_3-168,NA,n,,,
18,6,2022,6/18/2022,169,ungrazed_3,ungrazed_3-169,26.1985,n,,,
19,6,2022,6/19/2022,170,ungrazed_3,ungrazed_3-170,15.0875,n,,,
20,6,2022,6/20/2022,171,ungrazed_3,ungrazed_3-171,19.828,n,,,
21,6,2022,6/21/2022,172,ungrazed_3,ungrazed_3-172,18.734,n,,,
22,6,2022,6/22/2022,173,ungrazed_3,ungrazed_3-173,22.44475,n,,,
23,6,2022,6/23/2022,174,ungrazed_3,ungrazed_3-174,24.16075,YES,21.77983333,,
24,6,2022,6/24/2022,175,ungrazed_3,ungrazed_3-175,16.77125,n,,,
25,6,2022,6/25/2022,176,ungrazed_3,ungrazed_3-176,13.9185,n,,,
26,6,2022,6/26/2022,177,ungrazed_3,ungrazed_3-177,18.38025,n,,,
27,6,2022,6/27/2022,178,ungrazed_3,ungrazed_3-178,21.39375,n,,,
28,6,2022,6/28/2022,179,ungrazed_3,ungrazed_3-179,24.0965,n,,,
29,6,2022,6/29/2022,180,ungrazed_3,ungrazed_3-180,19.356,n,,,
30,6,2022,6/30/2022,181,ungrazed_3,ungrazed_3-181,18.63725,n,,,
1,7,2022,7/1/2022,182,ungrazed_3,ungrazed_3-182,21.60825,n,,,
2,7,2022,7/2/2022,183,ungrazed_3,ungrazed_3-183,26.08075,n,,,
3,7,2022,7/3/2022,184,ungrazed_3,ungrazed_3-184,21.576,n,,,
4,7,2022,7/4/2022,185,ungrazed_3,ungrazed_3-185,21.00775,n,,,
5,7,2022,7/5/2022,186,ungrazed_3,ungrazed_3-186,19.1415,n,,,
6,7,2022,7/6/2022,187,ungrazed_3,ungrazed_3-187,21.07225,n,,,
7,7,2022,7/7/2022,188,ungrazed_3,ungrazed_3-188,25.85525,n,,,
8,7,2022,7/8/2022,189,ungrazed_3,ungrazed_3-189,26.85275,n,,,
9,7,2022,7/9/2022,190,ungrazed_3,ungrazed_3-190,27.05675,n,,,
10,7,2022,7/10/2022,191,ungrazed_3,ungrazed_3-191,18.552,n,,,
11,7,2022,7/11/2022,192,ungrazed_3,ungrazed_3-192,21.265,n,,,
12,7,2022,7/12/2022,193,ungrazed_3,ungrazed_3-193,26.74575,n,,,
13,7,2022,7/13/2022,194,ungrazed_3,ungrazed_3-194,29.13725,YES,25.716,21.9252375,
14,7,2022,7/14/2022,195,ungrazed_3,ungrazed_3-195,25.287,n,,,
15,7,2022,7/15/2022,196,ungrazed_3,ungrazed_3-196,27.18525,n,,,
16,7,2022,7/16/2022,197,ungrazed_3,ungrazed_3-197,26.0805,n,,,
17,7,2022,7/17/2022,198,ungrazed_3,ungrazed_3-198,33.94225,n,,,
18,7,2022,7/18/2022,199,ungrazed_3,ungrazed_3-199,22.391,n,,,
19,7,2022,7/19/2022,200,ungrazed_3,ungrazed_3-200,23.96775,n,,,
20,7,2022,7/20/2022,201,ungrazed_3,ungrazed_3-201,23.51725,n,,,
21,7,2022,7/21/2022,202,ungrazed_3,ungrazed_3-202,24.976,n,,,
22,7,2022,7/22/2022,203,ungrazed_3,ungrazed_3-203,25.74825,n,,,
23,7,2022,7/23/2022,204,ungrazed_3,ungrazed_3-204,20.4715,n,,,
24,7,2022,7/24/2022,205,ungrazed_3,ungrazed_3-205,26.027,n,,,
25,7,2022,7/25/2022,206,ungrazed_3,ungrazed_3-206,20.6,n,,,
26,7,2022,7/26/2022,207,ungrazed_3,ungrazed_3-207,20.20325,n,,,
27,7,2022,7/27/2022,208,ungrazed_3,ungrazed_3-208,19.8815,n,,,
28,7,2022,7/28/2022,209,ungrazed_3,ungrazed_3-209,23.21725,n,,,
29,7,2022,7/29/2022,210,ungrazed_3,ungrazed_3-210,31.411,n,,,
30,7,2022,7/30/2022,211,ungrazed_3,ungrazed_3-211,26.778,n,,,
31,7,2022,7/31/2022,212,ungrazed_3,ungrazed_3-212,29.1265,n,,,
1,8,2022,8/1/2022,213,ungrazed_3,ungrazed_3-213,32.35475,n,,,
2,8,2022,8/2/2022,214,ungrazed_3,ungrazed_3-214,23.8715,n,,,
3,8,2022,8/3/2022,215,ungrazed_3,ungrazed_3-215,25.38325,n,,,
4,8,2022,8/4/2022,216,ungrazed_3,ungrazed_3-216,28.333,n,,,
5,8,2022,8/5/2022,217,ungrazed_3,ungrazed_3-217,20.954,n,,,
6,8,2022,8/6/2022,218,ungrazed_3,ungrazed_3-218,19.0665,n,,,
7,8,2022,8/7/2022,219,ungrazed_3,ungrazed_3-219,24.04275,n,,,
8,8,2022,8/8/2022,220,ungrazed_3,ungrazed_3-220,28.10775,n,,,
9,8,2022,8/9/2022,221,ungrazed_3,ungrazed_3-221,25.91975,n,,,
10,8,2022,8/10/2022,222,ungrazed_3,ungrazed_3-222,29.07275,n,,,
11,8,2022,8/11/2022,223,ungrazed_3,ungrazed_3-223,27.16375,n,,,
12,8,2022,8/12/2022,224,ungrazed_3,ungrazed_3-224,29.3625,YES,28.533,25.5438375,23.73931696
13,8,2022,8/13/2022,225,ungrazed_3,ungrazed_3-225,26.928,n,,,
14,8,2022,8/14/2022,226,ungrazed_3,ungrazed_3-226,25.39425,n,,,
15,8,2022,8/15/2022,227,ungrazed_3,ungrazed_3-227,25.255,n,,,
16,8,2022,8/16/2022,228,ungrazed_3,ungrazed_3-228,28.4725,n,,,
17,8,2022,8/17/2022,229,ungrazed_3,ungrazed_3-229,24.36475,n,,,
18,8,2022,8/18/2022,230,ungrazed_3,ungrazed_3-230,22.638,n,,,
19,8,2022,8/19/2022,231,ungrazed_3,ungrazed_3-231,25.9305,n,,,
20,8,2022,8/20/2022,232,ungrazed_3,ungrazed_3-232,23.80675,n,,,
21,8,2022,8/21/2022,233,ungrazed_3,ungrazed_3-233,27.12125,n,,,
22,8,2022,8/22/2022,234,ungrazed_3,ungrazed_3-234,28.912,n,,,
23,8,2022,8/23/2022,235,ungrazed_3,ungrazed_3-235,19.5275,n,,,
24,8,2022,8/24/2022,236,ungrazed_3,ungrazed_3-236,21.29725,n,,,
25,8,2022,8/25/2022,237,ungrazed_3,ungrazed_3-237,22.74525,n,,,
26,8,2022,8/26/2022,238,ungrazed_3,ungrazed_3-238,24.03225,n,,,
27,8,2022,8/27/2022,239,ungrazed_3,ungrazed_3-239,25.1795,n,,,
28,8,2022,8/28/2022,240,ungrazed_3,ungrazed_3-240,15.89175,n,,,
29,8,2022,8/29/2022,241,ungrazed_3,ungrazed_3-241,21.09325,n,,,
30,8,2022,8/30/2022,242,ungrazed_3,ungrazed_3-242,24.3325,n,,,
31,8,2022,8/31/2022,243,ungrazed_3,ungrazed_3-243,27.53925,n,,,
1,9,2022,9/1/2022,244,ungrazed_3,ungrazed_3-244,25.27625,n,,,
2,9,2022,9/2/2022,245,ungrazed_3,ungrazed_3-245,NA,n,,,
3,9,2022,9/3/2022,246,ungrazed_3,ungrazed_3-246,NA,n,,,
9,6,2022,6/9/2022,160,trtpd_1,trtpd_1-160,NA,n,,,
10,6,2022,6/10/2022,161,trtpd_1,trtpd_1-161,NA,n,,,
11,6,2022,6/11/2022,162,trtpd_1,trtpd_1-162,NA,n,,,
12,6,2022,6/12/2022,163,trtpd_1,trtpd_1-163,NA,n,,,
13,6,2022,6/13/2022,164,trtpd_1,trtpd_1-164,NA,n,,,
14,6,2022,6/14/2022,165,trtpd_1,trtpd_1-165,13.96125,n,,,
15,6,2022,6/15/2022,166,trtpd_1,trtpd_1-166,13.45725,YES,13.70925,,
16,6,2022,6/16/2022,167,trtpd_1,trtpd_1-167,23.3995,n,,,
17,6,2022,6/17/2022,168,trtpd_1,trtpd_1-168,27.91475,n,,,
18,6,2022,6/18/2022,169,trtpd_1,trtpd_1-169,26.72425,n,,,
19,6,2022,6/19/2022,170,trtpd_1,trtpd_1-170,15.48425,n,,,
20,6,2022,6/20/2022,171,trtpd_1,trtpd_1-171,19.53825,n,,,
21,6,2022,6/21/2022,172,trtpd_1,trtpd_1-172,17.329,n,,,
22,6,2022,6/22/2022,173,trtpd_1,trtpd_1-173,23.46375,n,,,
23,6,2022,6/23/2022,174,trtpd_1,trtpd_1-174,23.10975,n,,,
24,6,2022,6/24/2022,175,trtpd_1,trtpd_1-175,15.924,n,,,
25,6,2022,6/25/2022,176,trtpd_1,trtpd_1-176,15.31275,n,,,
26,6,2022,6/26/2022,177,trtpd_1,trtpd_1-177,20.7825,n,,,
27,6,2022,6/27/2022,178,trtpd_1,trtpd_1-178,22.1445,n,,,
28,6,2022,6/28/2022,179,trtpd_1,trtpd_1-179,24.6005,n,,,
29,6,2022,6/29/2022,180,trtpd_1,trtpd_1-180,23.10975,n,,,
30,6,2022,6/30/2022,181,trtpd_1,trtpd_1-181,18.64825,n,,,
1,7,2022,7/1/2022,182,trtpd_1,trtpd_1-182,24.05375,n,,,
2,7,2022,7/2/2022,183,trtpd_1,trtpd_1-183,26.263,n,,,
3,7,2022,7/3/2022,184,trtpd_1,trtpd_1-184,17.3075,n,,,
4,7,2022,7/4/2022,185,trtpd_1,trtpd_1-185,23.62475,n,,,
5,7,2022,7/5/2022,186,trtpd_1,trtpd_1-186,19.12025,n,,,
6,7,2022,7/6/2022,187,trtpd_1,trtpd_1-187,23.614,n,,,
7,7,2022,7/7/2022,188,trtpd_1,trtpd_1-188,23.95725,n,,,
8,7,2022,7/8/2022,189,trtpd_1,trtpd_1-189,27.32475,n,,,
9,7,2022,7/9/2022,190,trtpd_1,trtpd_1-190,24.63275,n,,,
10,7,2022,7/10/2022,191,trtpd_1,trtpd_1-191,20.0855,n,,,
11,7,2022,7/11/2022,192,trtpd_1,trtpd_1-192,23.22775,n,,,
12,7,2022,7/12/2022,193,trtpd_1,trtpd_1-193,27.76475,n,,,
13,7,2022,7/13/2022,194,trtpd_1,trtpd_1-194,29.15875,n,,,
14,7,2022,7/14/2022,195,trtpd_1,trtpd_1-195,27.207,n,,,
15,7,2022,7/15/2022,196,trtpd_1,trtpd_1-196,26.41325,n,,,
16,7,2022,7/16/2022,197,trtpd_1,trtpd_1-197,28.4615,n,,,
17,7,2022,7/17/2022,198,trtpd_1,trtpd_1-198,31.52875,n,,,
18,7,2022,7/18/2022,199,trtpd_1,trtpd_1-199,22.43425,n,,,
19,7,2022,7/19/2022,200,trtpd_1,trtpd_1-200,23.45275,n,,,
20,7,2022,7/20/2022,201,trtpd_1,trtpd_1-201,24.40725,YES,23.43141667,24.701975,
21,7,2022,7/21/2022,202,trtpd_1,trtpd_1-202,24.9545,n,,,
22,7,2022,7/22/2022,203,trtpd_1,trtpd_1-203,27.06725,n,,,
23,7,2022,7/23/2022,204,trtpd_1,trtpd_1-204,23.657,n,,,
24,7,2022,7/24/2022,205,trtpd_1,trtpd_1-205,25.9735,n,,,
25,7,2022,7/25/2022,206,trtpd_1,trtpd_1-206,25.01875,n,,,
26,7,2022,7/26/2022,207,trtpd_1,trtpd_1-207,23.1635,n,,,
27,7,2022,7/27/2022,208,trtpd_1,trtpd_1-208,21.8655,n,,,
28,7,2022,7/28/2022,209,trtpd_1,trtpd_1-209,25.64075,n,,,
29,7,2022,7/29/2022,210,trtpd_1,trtpd_1-210,31.9045,n,,,
30,7,2022,7/30/2022,211,trtpd_1,trtpd_1-211,27.15325,n,,,
31,7,2022,7/31/2022,212,trtpd_1,trtpd_1-212,29.0625,n,,,
1,8,2022,8/1/2022,213,trtpd_1,trtpd_1-213,30.6925,n,,,
2,8,2022,8/2/2022,214,trtpd_1,trtpd_1-214,25.68375,n,,,
3,8,2022,8/3/2022,215,trtpd_1,trtpd_1-215,26.0055,n,,,
4,8,2022,8/4/2022,216,trtpd_1,trtpd_1-216,29.51275,n,,,
5,8,2022,8/5/2022,217,trtpd_1,trtpd_1-217,22.98125,n,,,
6,8,2022,8/6/2022,218,trtpd_1,trtpd_1-218,17.06075,n,,,
7,8,2022,8/7/2022,219,trtpd_1,trtpd_1-219,23.58175,n,,,
8,8,2022,8/8/2022,220,trtpd_1,trtpd_1-220,28.57975,n,,,
9,8,2022,8/9/2022,221,trtpd_1,trtpd_1-221,26.85275,n,,,
10,8,2022,8/10/2022,222,trtpd_1,trtpd_1-222,29.738,n,,,
11,8,2022,8/11/2022,223,trtpd_1,trtpd_1-223,27.8075,n,,,
12,8,2022,8/12/2022,224,trtpd_1,trtpd_1-224,31.722,n,,,
13,8,2022,8/13/2022,225,trtpd_1,trtpd_1-225,30.83175,n,,,
14,8,2022,8/14/2022,226,trtpd_1,trtpd_1-226,26.75625,n,,,
15,8,2022,8/15/2022,227,trtpd_1,trtpd_1-227,26.24175,n,,,
16,8,2022,8/16/2022,228,trtpd_1,trtpd_1-228,29.4055,n,,,
17,8,2022,8/17/2022,229,trtpd_1,trtpd_1-229,26.17725,n,,,
18,8,2022,8/18/2022,230,trtpd_1,trtpd_1-230,24.87925,YES,26.82066667,27.0362875,24.79955833
19,8,2022,8/19/2022,231,trtpd_1,trtpd_1-231,26.8315,n,,,
20,8,2022,8/20/2022,232,trtpd_1,trtpd_1-232,26.0165,n,,,
21,8,2022,8/21/2022,233,trtpd_1,trtpd_1-233,27.34625,n,,,
22,8,2022,8/22/2022,234,trtpd_1,trtpd_1-234,28.408,n,,,
23,8,2022,8/23/2022,235,trtpd_1,trtpd_1-235,19.75275,n,,,
24,8,2022,8/24/2022,236,trtpd_1,trtpd_1-236,21.07225,n,,,
25,8,2022,8/25/2022,237,trtpd_1,trtpd_1-237,20.525,n,,,
26,8,2022,8/26/2022,238,trtpd_1,trtpd_1-238,26.5205,n,,,
27,8,2022,8/27/2022,239,trtpd_1,trtpd_1-239,25.7695,n,,,
28,8,2022,8/28/2022,240,trtpd_1,trtpd_1-240,17.17875,n,,,
29,8,2022,8/29/2022,241,trtpd_1,trtpd_1-241,22.638,n,,,
30,8,2022,8/30/2022,242,trtpd_1,trtpd_1-242,27.94675,n,,,
31,8,2022,8/31/2022,243,trtpd_1,trtpd_1-243,28.751,n,,,
1,9,2022,9/1/2022,244,trtpd_1,trtpd_1-244,26.82075,n,,,
2,9,2022,9/2/2022,245,trtpd_1,trtpd_1-245,25.53375,n,,,
3,9,2022,9/3/2022,246,trtpd_1,trtpd_1-246,NA,n,,,
9,6,2022,6/9/2022,160,trtpd_2,trtpd_2-160,22.30525,n,,,
10,6,2022,6/10/2022,161,trtpd_2,trtpd_2-161,20.9865,YES,21.645875,,
11,6,2022,6/11/2022,162,trtpd_2,trtpd_2-162,21.23275,n,,,
12,6,2022,6/12/2022,163,trtpd_2,trtpd_2-163,22.992,n,,,
13,6,2022,6/13/2022,164,trtpd_2,trtpd_2-164,15.806,n,,,
14,6,2022,6/14/2022,165,trtpd_2,trtpd_2-165,12.438,n,,,
15,6,2022,6/15/2022,166,trtpd_2,trtpd_2-166,13.86475,n,,,
16,6,2022,6/16/2022,167,trtpd_2,trtpd_2-167,26.71325,n,,,
17,6,2022,6/17/2022,168,trtpd_2,trtpd_2-168,32.47275,n,,,
18,6,2022,6/18/2022,169,trtpd_2,trtpd_2-169,26.23075,n,,,
19,6,2022,6/19/2022,170,trtpd_2,trtpd_2-170,15.409,n,,,
20,6,2022,6/20/2022,171,trtpd_2,trtpd_2-171,19.85975,n,,,
21,6,2022,6/21/2022,172,trtpd_2,trtpd_2-172,19.69925,n,,,
22,6,2022,6/22/2022,173,trtpd_2,trtpd_2-173,25.5125,n,,,
23,6,2022,6/23/2022,174,trtpd_2,trtpd_2-174,23.23875,n,,,
24,6,2022,6/24/2022,175,trtpd_2,trtpd_2-175,14.92625,n,,,
25,6,2022,6/25/2022,176,trtpd_2,trtpd_2-176,16.20275,n,,,
26,6,2022,6/26/2022,177,trtpd_2,trtpd_2-177,23.14175,n,,,
27,6,2022,6/27/2022,178,trtpd_2,trtpd_2-178,25.54425,n,,,
28,6,2022,6/28/2022,179,trtpd_2,trtpd_2-179,25.8125,n,,,
29,6,2022,6/29/2022,180,trtpd_2,trtpd_2-180,20.94325,n,,,
30,6,2022,6/30/2022,181,trtpd_2,trtpd_2-181,19.088,n,,,
1,7,2022,7/1/2022,182,trtpd_2,trtpd_2-182,24.51475,n,,,
2,7,2022,7/2/2022,183,trtpd_2,trtpd_2-183,29.06225,n,,,
3,7,2022,7/3/2022,184,trtpd_2,trtpd_2-184,19.7525,n,,,
4,7,2022,7/4/2022,185,trtpd_2,trtpd_2-185,24.2145,n,,,
5,7,2022,7/5/2022,186,trtpd_2,trtpd_2-186,22.40175,n,,,
6,7,2022,7/6/2022,187,trtpd_2,trtpd_2-187,25.1155,n,,,
7,7,2022,7/7/2022,188,trtpd_2,trtpd_2-188,25.169,n,,,
8,7,2022,7/8/2022,189,trtpd_2,trtpd_2-189,27.56075,n,,,
9,7,2022,7/9/2022,190,trtpd_2,trtpd_2-190,25.72675,n,,,
10,7,2022,7/10/2022,191,trtpd_2,trtpd_2-191,21.984,n,,,
11,7,2022,7/11/2022,192,trtpd_2,trtpd_2-192,24.2145,n,,,
12,7,2022,7/12/2022,193,trtpd_2,trtpd_2-193,30.66025,n,,,
13,7,2022,7/13/2022,194,trtpd_2,trtpd_2-194,28.258,n,,,
14,7,2022,7/14/2022,195,trtpd_2,trtpd_2-195,31.25025,n,,,
15,7,2022,7/15/2022,196,trtpd_2,trtpd_2-196,26.349,n,,,
16,7,2022,7/16/2022,197,trtpd_2,trtpd_2-197,29.78075,n,,,
17,7,2022,7/17/2022,198,trtpd_2,trtpd_2-198,31.529,n,,,
18,7,2022,7/18/2022,199,trtpd_2,trtpd_2-199,23.6675,n,,,
19,7,2022,7/19/2022,200,trtpd_2,trtpd_2-200,25.88775,n,,,
20,7,2022,7/20/2022,201,trtpd_2,trtpd_2-201,26.2845,n,,,
21,7,2022,7/21/2022,202,trtpd_2,trtpd_2-202,26.3595,YES,26.17725,26.2614,
22,7,2022,7/22/2022,203,trtpd_2,trtpd_2-203,27.00325,n,,,
23,7,2022,7/23/2022,204,trtpd_2,trtpd_2-204,26.7565,n,,,
24,7,2022,7/24/2022,205,trtpd_2,trtpd_2-205,27.947,n,,,
25,7,2022,7/25/2022,206,trtpd_2,trtpd_2-206,24.686,n,,,
26,7,2022,7/26/2022,207,trtpd_2,trtpd_2-207,24.8475,n,,,
27,7,2022,7/27/2022,208,trtpd_2,trtpd_2-208,23.528,n,,,
28,7,2022,7/28/2022,209,trtpd_2,trtpd_2-209,26.574,n,,,
29,7,2022,7/29/2022,210,trtpd_2,trtpd_2-210,31.70075,n,,,
30,7,2022,7/30/2022,211,trtpd_2,trtpd_2-211,27.89325,n,,,
31,7,2022,7/31/2022,212,trtpd_2,trtpd_2-212,30.2955,n,,,
1,8,2022,8/1/2022,213,trtpd_2,trtpd_2-213,33.513,n,,,
2,8,2022,8/2/2022,214,trtpd_2,trtpd_2-214,26.70275,n,,,
3,8,2022,8/3/2022,215,trtpd_2,trtpd_2-215,26.853,n,,,
4,8,2022,8/4/2022,216,trtpd_2,trtpd_2-216,26.74575,n,,,
5,8,2022,8/5/2022,217,trtpd_2,trtpd_2-217,22.93825,n,,,
6,8,2022,8/6/2022,218,trtpd_2,trtpd_2-218,17.61875,n,,,
7,8,2022,8/7/2022,219,trtpd_2,trtpd_2-219,24.901,n,,,
8,8,2022,8/8/2022,220,trtpd_2,trtpd_2-220,29.309,n,,,
9,8,2022,8/9/2022,221,trtpd_2,trtpd_2-221,29.7055,n,,,
10,8,2022,8/10/2022,222,trtpd_2,trtpd_2-222,30.27425,n,,,
11,8,2022,8/11/2022,223,trtpd_2,trtpd_2-223,29.34125,n,,,
12,8,2022,8/12/2022,224,trtpd_2,trtpd_2-224,32.07575,n,,,
13,8,2022,8/13/2022,225,trtpd_2,trtpd_2-225,30.864,n,,,
14,8,2022,8/14/2022,226,trtpd_2,trtpd_2-226,28.0005,n,,,
15,8,2022,8/15/2022,227,trtpd_2,trtpd_2-227,27.282,n,,,
16,8,2022,8/16/2022,228,trtpd_2,trtpd_2-228,31.186,n,,,
17,8,2022,8/17/2022,229,trtpd_2,trtpd_2-229,26.0915,n,,,
18,8,2022,8/18/2022,230,trtpd_2,trtpd_2-230,26.4345,n,,,
19,8,2022,8/19/2022,231,trtpd_2,trtpd_2-231,27.7755,n,,,
20,8,2022,8/20/2022,232,trtpd_2,trtpd_2-232,29.0195,n,,,
21,8,2022,8/21/2022,233,trtpd_2,trtpd_2-233,28.04325,n,,,
22,8,2022,8/22/2022,234,trtpd_2,trtpd_2-234,29.30875,n,,,
23,8,2022,8/23/2022,235,trtpd_2,trtpd_2-235,19.356,n,,,
24,8,2022,8/24/2022,236,trtpd_2,trtpd_2-236,22.91675,YES,23.8605,27.1221,26.52934583
25,8,2022,8/25/2022,237,trtpd_2,trtpd_2-237,21.81225,n,,,
26,8,2022,8/26/2022,238,trtpd_2,trtpd_2-238,26.22025,n,,,
27,8,2022,8/27/2022,239,trtpd_2,trtpd_2-239,27.0675,n,,,
28,8,2022,8/28/2022,240,trtpd_2,trtpd_2-240,18.852,n,,,
29,8,2022,8/29/2022,241,trtpd_2,trtpd_2-241,23.00275,n,,,
30,8,2022,8/30/2022,242,trtpd_2,trtpd_2-242,28.90125,n,,,
31,8,2022,8/31/2022,243,trtpd_2,trtpd_2-243,30.285,n,,,
1,9,2022,9/1/2022,244,trtpd_2,trtpd_2-244,26.2845,n,,,
2,9,2022,9/2/2022,245,trtpd_2,trtpd_2-245,26.83125,n,,,
3,9,2022,9/3/2022,246,trtpd_2,trtpd_2-246,NA,n,,,
9,6,2022,6/9/2022,160,trtpd_3,trtpd_3-160,NA,n,,,
10,6,2022,6/10/2022,161,trtpd_3,trtpd_3-161,NA,n,,,
11,6,2022,6/11/2022,162,trtpd_3,trtpd_3-162,NA,n,,,
12,6,2022,6/12/2022,163,trtpd_3,trtpd_3-163,NA,n,,,
13,6,2022,6/13/2022,164,trtpd_3,trtpd_3-164,NA,n,,,
14,6,2022,6/14/2022,165,trtpd_3,trtpd_3-165,NA,n,,,
15,6,2022,6/15/2022,166,trtpd_3,trtpd_3-166,NA,n,,,
16,6,2022,6/16/2022,167,trtpd_3,trtpd_3-167,NA,n,,,
17,6,2022,6/17/2022,168,trtpd_3,trtpd_3-168,27.70025,n,,,
18,6,2022,6/18/2022,169,trtpd_3,trtpd_3-169,26.263,n,,,
19,6,2022,6/19/2022,170,trtpd_3,trtpd_3-170,15.8275,n,,,
20,6,2022,6/20/2022,171,trtpd_3,trtpd_3-171,19.238,n,,,
21,6,2022,6/21/2022,172,trtpd_3,trtpd_3-172,17.0825,n,,,
22,6,2022,6/22/2022,173,trtpd_3,trtpd_3-173,22.5415,n,,,
23,6,2022,6/23/2022,174,trtpd_3,trtpd_3-174,23.95725,n,,,
24,6,2022,6/24/2022,175,trtpd_3,trtpd_3-175,16.58875,n,,,
25,6,2022,6/25/2022,176,trtpd_3,trtpd_3-176,15.22675,YES,18.59091667,,
26,6,2022,6/26/2022,177,trtpd_3,trtpd_3-177,18.852,n,,,
27,6,2022,6/27/2022,178,trtpd_3,trtpd_3-178,22.0155,n,,,
28,6,2022,6/28/2022,179,trtpd_3,trtpd_3-179,25.10475,n,,,
29,6,2022,6/29/2022,180,trtpd_3,trtpd_3-180,23.00225,n,,,
30,6,2022,6/30/2022,181,trtpd_3,trtpd_3-181,18.68025,n,,,
1,7,2022,7/1/2022,182,trtpd_3,trtpd_3-182,24.91175,n,,,
2,7,2022,7/2/2022,183,trtpd_3,trtpd_3-183,26.47725,n,,,
3,7,2022,7/3/2022,184,trtpd_3,trtpd_3-184,18.21925,n,,,
4,7,2022,7/4/2022,185,trtpd_3,trtpd_3-185,23.54975,n,,,
5,7,2022,7/5/2022,186,trtpd_3,trtpd_3-186,17.30775,n,,,
6,7,2022,7/6/2022,187,trtpd_3,trtpd_3-187,23.882,n,,,
7,7,2022,7/7/2022,188,trtpd_3,trtpd_3-188,24.63275,n,,,
8,7,2022,7/8/2022,189,trtpd_3,trtpd_3-189,26.1555,n,,,
9,7,2022,7/9/2022,190,trtpd_3,trtpd_3-190,24.3325,n,,,
10,7,2022,7/10/2022,191,trtpd_3,trtpd_3-191,21.362,n,,,
11,7,2022,7/11/2022,192,trtpd_3,trtpd_3-192,23.30275,n,,,
12,7,2022,7/12/2022,193,trtpd_3,trtpd_3-193,26.02675,n,,,
13,7,2022,7/13/2022,194,trtpd_3,trtpd_3-194,27.30325,n,,,
14,7,2022,7/14/2022,195,trtpd_3,trtpd_3-195,26.22,YES,26.51666667,22.8282375,
15,7,2022,7/15/2022,196,trtpd_3,trtpd_3-196,23.72125,n,,,
16,7,2022,7/16/2022,197,trtpd_3,trtpd_3-197,25.82325,n,,,
17,7,2022,7/17/2022,198,trtpd_3,trtpd_3-198,27.014,n,,,
18,7,2022,7/18/2022,199,trtpd_3,trtpd_3-199,22.70225,n,,,
19,7,2022,7/19/2022,200,trtpd_3,trtpd_3-200,23.464,n,,,
20,7,2022,7/20/2022,201,trtpd_3,trtpd_3-201,23.82825,n,,,
21,7,2022,7/21/2022,202,trtpd_3,trtpd_3-202,24.783,n,,,
22,7,2022,7/22/2022,203,trtpd_3,trtpd_3-203,26.853,n,,,
23,7,2022,7/23/2022,204,trtpd_3,trtpd_3-204,23.03475,n,,,
24,7,2022,7/24/2022,205,trtpd_3,trtpd_3-205,25.212,n,,,
25,7,2022,7/25/2022,206,trtpd_3,trtpd_3-206,22.3805,n,,,
26,7,2022,7/26/2022,207,trtpd_3,trtpd_3-207,22.756,n,,,
27,7,2022,7/27/2022,208,trtpd_3,trtpd_3-208,20.10675,n,,,
28,7,2022,7/28/2022,209,trtpd_3,trtpd_3-209,24.41825,n,,,
29,7,2022,7/29/2022,210,trtpd_3,trtpd_3-210,30.789,n,,,
30,7,2022,7/30/2022,211,trtpd_3,trtpd_3-211,26.20925,n,,,
31,7,2022,7/31/2022,212,trtpd_3,trtpd_3-212,28.011,n,,,
1,8,2022,8/1/2022,213,trtpd_3,trtpd_3-213,29.384,n,,,
2,8,2022,8/2/2022,214,trtpd_3,trtpd_3-214,25.952,n,,,
3,8,2022,8/3/2022,215,trtpd_3,trtpd_3-215,23.6355,n,,,
4,8,2022,8/4/2022,216,trtpd_3,trtpd_3-216,26.60625,n,,,
5,8,2022,8/5/2022,217,trtpd_3,trtpd_3-217,22.1125,n,,,
6,8,2022,8/6/2022,218,trtpd_3,trtpd_3-218,16.34225,n,,,
7,8,2022,8/7/2022,219,trtpd_3,trtpd_3-219,21.6405,n,,,
8,8,2022,8/8/2022,220,trtpd_3,trtpd_3-220,25.91975,n,,,
9,8,2022,8/9/2022,221,trtpd_3,trtpd_3-221,24.654,n,,,
10,8,2022,8/10/2022,222,trtpd_3,trtpd_3-222,30.18825,n,,,
11,8,2022,8/11/2022,223,trtpd_3,trtpd_3-223,26.724,n,,,
12,8,2022,8/12/2022,224,trtpd_3,trtpd_3-224,31.41075,n,,,
13,8,2022,8/13/2022,225,trtpd_3,trtpd_3-225,28.18275,n,,,
14,8,2022,8/14/2022,226,trtpd_3,trtpd_3-226,26.1235,n,,,
15,8,2022,8/15/2022,227,trtpd_3,trtpd_3-227,26.252,n,,,
16,8,2022,8/16/2022,228,trtpd_3,trtpd_3-228,25.8125,n,,,
17,8,2022,8/17/2022,229,trtpd_3,trtpd_3-229,26.381,n,,,
18,8,2022,8/18/2022,230,trtpd_3,trtpd_3-230,26.649,YES,26.28083333,25.9095375,24.01749583
19,8,2022,8/19/2022,231,trtpd_3,trtpd_3-231,26.86375,n,,,
20,8,2022,8/20/2022,232,trtpd_3,trtpd_3-232,25.3835,n,,,
21,8,2022,8/21/2022,233,trtpd_3,trtpd_3-233,27.786,n,,,
22,8,2022,8/22/2022,234,trtpd_3,trtpd_3-234,27.85025,n,,,
23,8,2022,8/23/2022,235,trtpd_3,trtpd_3-235,20.064,n,,,
24,8,2022,8/24/2022,236,trtpd_3,trtpd_3-236,22.327,n,,,
25,8,2022,8/25/2022,237,trtpd_3,trtpd_3-237,19.43125,n,,,
26,8,2022,8/26/2022,238,trtpd_3,trtpd_3-238,24.279,n,,,
27,8,2022,8/27/2022,239,trtpd_3,trtpd_3-239,25.1475,n,,,
28,8,2022,8/28/2022,240,trtpd_3,trtpd_3-240,17.4255,n,,,
29,8,2022,8/29/2022,241,trtpd_3,trtpd_3-241,20.922,n,,,
30,8,2022,8/30/2022,242,trtpd_3,trtpd_3-242,24.83675,n,,,
31,8,2022,8/31/2022,243,trtpd_3,trtpd_3-243,24.933,n,,,
1,9,2022,9/1/2022,244,trtpd_3,trtpd_3-244,25.523,n,,,
2,9,2022,9/2/2022,245,trtpd_3,trtpd_3-245,26.4665,n,,,
3,9,2022,9/3/2022,246,trtpd_3,trtpd_3-246,30.7355,n,,,
9,6,2022,6/9/2022,160,untrtpd_1,untrtpd_1-160,NA,n,,,
10,6,2022,6/10/2022,161,untrtpd_1,untrtpd_1-161,NA,n,,,
11,6,2022,6/11/2022,162,untrtpd_1,untrtpd_1-162,20.289,n,,,
12,6,2022,6/12/2022,163,untrtpd_1,untrtpd_1-163,21.394,n,,,
13,6,2022,6/13/2022,164,untrtpd_1,untrtpd_1-164,16.8575,n,,,
14,6,2022,6/14/2022,165,untrtpd_1,untrtpd_1-165,12.67425,n,,,
15,6,2022,6/15/2022,166,untrtpd_1,untrtpd_1-166,12.95325,YES,14.16166667,,
16,6,2022,6/16/2022,167,untrtpd_1,untrtpd_1-167,21.5225,n,,,
17,6,2022,6/17/2022,168,untrtpd_1,untrtpd_1-168,29.266,n,,,
18,6,2022,6/18/2022,169,untrtpd_1,untrtpd_1-169,27.27125,n,,,
19,6,2022,6/19/2022,170,untrtpd_1,untrtpd_1-170,15.15175,n,,,
20,6,2022,6/20/2022,171,untrtpd_1,untrtpd_1-171,19.978,n,,,
21,6,2022,6/21/2022,172,untrtpd_1,untrtpd_1-172,22.42325,n,,,
22,6,2022,6/22/2022,173,untrtpd_1,untrtpd_1-173,23.539,n,,,
23,6,2022,6/23/2022,174,untrtpd_1,untrtpd_1-174,30.2205,n,,,
24,6,2022,6/24/2022,175,untrtpd_1,untrtpd_1-175,19.31325,n,,,
25,6,2022,6/25/2022,176,untrtpd_1,untrtpd_1-176,17.76875,n,,,
26,6,2022,6/26/2022,177,untrtpd_1,untrtpd_1-177,23.0885,n,,,
27,6,2022,6/27/2022,178,untrtpd_1,untrtpd_1-178,27.77525,n,,,
28,6,2022,6/28/2022,179,untrtpd_1,untrtpd_1-179,27.41075,n,,,
29,6,2022,6/29/2022,180,untrtpd_1,untrtpd_1-180,22.5845,n,,,
30,6,2022,6/30/2022,181,untrtpd_1,untrtpd_1-181,19.313,n,,,
1,7,2022,7/1/2022,182,untrtpd_1,untrtpd_1-182,23.63525,n,,,
2,7,2022,7/2/2022,183,untrtpd_1,untrtpd_1-183,27.164,n,,,
3,7,2022,7/3/2022,184,untrtpd_1,untrtpd_1-184,19.474,n,,,
4,7,2022,7/4/2022,185,untrtpd_1,untrtpd_1-185,23.6785,n,,,
5,7,2022,7/5/2022,186,untrtpd_1,untrtpd_1-186,22.30525,n,,,
6,7,2022,7/6/2022,187,untrtpd_1,untrtpd_1-187,22.48775,n,,,
7,7,2022,7/7/2022,188,untrtpd_1,untrtpd_1-188,24.7295,n,,,
8,7,2022,7/8/2022,189,untrtpd_1,untrtpd_1-189,28.16125,n,,,
9,7,2022,7/9/2022,190,untrtpd_1,untrtpd_1-190,28.41875,n,,,
10,7,2022,7/10/2022,191,untrtpd_1,untrtpd_1-191,19.17375,n,,,
11,7,2022,7/11/2022,192,untrtpd_1,untrtpd_1-192,25.5015,n,,,
12,7,2022,7/12/2022,193,untrtpd_1,untrtpd_1-193,29.08375,n,,,
13,7,2022,7/13/2022,194,untrtpd_1,untrtpd_1-194,28.67625,n,,,
14,7,2022,7/14/2022,195,untrtpd_1,untrtpd_1-195,27.893,n,,,
15,7,2022,7/15/2022,196,untrtpd_1,untrtpd_1-196,28.2685,n,,,
16,7,2022,7/16/2022,197,untrtpd_1,untrtpd_1-197,30.049,n,,,
17,7,2022,7/17/2022,198,untrtpd_1,untrtpd_1-198,34.09225,n,,,
18,7,2022,7/18/2022,199,untrtpd_1,untrtpd_1-199,25.38375,n,,,
19,7,2022,7/19/2022,200,untrtpd_1,untrtpd_1-200,27.432,n,,,
20,7,2022,7/20/2022,201,untrtpd_1,untrtpd_1-201,25.834,YES,26.21658333,26.0721,
21,7,2022,7/21/2022,202,untrtpd_1,untrtpd_1-202,25.6945,n,,,
22,7,2022,7/22/2022,203,untrtpd_1,untrtpd_1-203,26.71325,n,,,
23,7,2022,7/23/2022,204,untrtpd_1,untrtpd_1-204,23.69975,n,,,
24,7,2022,7/24/2022,205,untrtpd_1,untrtpd_1-205,26.735,n,,,
25,7,2022,7/25/2022,206,untrtpd_1,untrtpd_1-206,22.1875,n,,,
26,7,2022,7/26/2022,207,untrtpd_1,untrtpd_1-207,20.9325,n,,,
27,7,2022,7/27/2022,208,untrtpd_1,untrtpd_1-208,21.94075,n,,,
28,7,2022,7/28/2022,209,untrtpd_1,untrtpd_1-209,24.6755,n,,,
29,7,2022,7/29/2022,210,untrtpd_1,untrtpd_1-210,30.43525,n,,,
30,7,2022,7/30/2022,211,untrtpd_1,untrtpd_1-211,25.84475,n,,,
31,7,2022,7/31/2022,212,untrtpd_1,untrtpd_1-212,28.612,n,,,
1,8,2022,8/1/2022,213,untrtpd_1,untrtpd_1-213,30.81025,n,,,
2,8,2022,8/2/2022,214,untrtpd_1,untrtpd_1-214,21.7585,n,,,
3,8,2022,8/3/2022,215,untrtpd_1,untrtpd_1-215,27.314,n,,,
4,8,2022,8/4/2022,216,untrtpd_1,untrtpd_1-216,26.37025,n,,,
5,8,2022,8/5/2022,217,untrtpd_1,untrtpd_1-217,23.28125,n,,,
6,8,2022,8/6/2022,218,untrtpd_1,untrtpd_1-218,15.656,n,,,
7,8,2022,8/7/2022,219,untrtpd_1,untrtpd_1-219,25.98425,n,,,
8,8,2022,8/8/2022,220,untrtpd_1,untrtpd_1-220,29.36225,n,,,
9,8,2022,8/9/2022,221,untrtpd_1,untrtpd_1-221,25.98425,n,,,
10,8,2022,8/10/2022,222,untrtpd_1,untrtpd_1-222,27.78575,n,,,
11,8,2022,8/11/2022,223,untrtpd_1,untrtpd_1-223,30.63875,n,,,
12,8,2022,8/12/2022,224,untrtpd_1,untrtpd_1-224,28.9335,YES,29.11933333,25.7621125,24.75075833
13,8,2022,8/13/2022,225,untrtpd_1,untrtpd_1-225,29.45925,n,,,
14,8,2022,8/14/2022,226,untrtpd_1,untrtpd_1-226,25.74825,n,,,
15,8,2022,8/15/2022,227,untrtpd_1,untrtpd_1-227,26.381,n,,,
16,8,2022,8/16/2022,228,untrtpd_1,untrtpd_1-228,27.968,n,,,
17,8,2022,8/17/2022,229,untrtpd_1,untrtpd_1-229,25.2225,n,,,
18,8,2022,8/18/2022,230,untrtpd_1,untrtpd_1-230,23.07775,n,,,
19,8,2022,8/19/2022,231,untrtpd_1,untrtpd_1-231,25.53375,n,,,
20,8,2022,8/20/2022,232,untrtpd_1,untrtpd_1-232,25.34075,n,,,
21,8,2022,8/21/2022,233,untrtpd_1,untrtpd_1-233,25.59825,n,,,
22,8,2022,8/22/2022,234,untrtpd_1,untrtpd_1-234,28.054,n,,,
23,8,2022,8/23/2022,235,untrtpd_1,untrtpd_1-235,18.59475,n,,,
24,8,2022,8/24/2022,236,untrtpd_1,untrtpd_1-236,21.20075,n,,,
25,8,2022,8/25/2022,237,untrtpd_1,untrtpd_1-237,21.0935,n,,,
26,8,2022,8/26/2022,238,untrtpd_1,untrtpd_1-238,24.2465,n,,,
27,8,2022,8/27/2022,239,untrtpd_1,untrtpd_1-239,26.177,n,,,
28,8,2022,8/28/2022,240,untrtpd_1,untrtpd_1-240,18.4015,n,,,
29,8,2022,8/29/2022,241,untrtpd_1,untrtpd_1-241,22.016,n,,,
30,8,2022,8/30/2022,242,untrtpd_1,untrtpd_1-242,26.13425,n,,,
31,8,2022,8/31/2022,243,untrtpd_1,untrtpd_1-243,27.66825,n,,,
1,9,2022,9/1/2022,244,untrtpd_1,untrtpd_1-244,23.36725,n,,,
2,9,2022,9/2/2022,245,untrtpd_1,untrtpd_1-245,NA,n,,,
3,9,2022,9/3/2022,246,untrtpd_1,untrtpd_1-246,NA,n,,,
9,6,2022,6/9/2022,160,untrtpd_2,untrtpd_2-160,NA,n,,,
10,6,2022,6/10/2022,161,untrtpd_2,untrtpd_2-161,NA,n,,,
11,6,2022,6/11/2022,162,untrtpd_2,untrtpd_2-162,NA,n,,,
12,6,2022,6/12/2022,163,untrtpd_2,untrtpd_2-163,NA,n,,,
13,6,2022,6/13/2022,164,untrtpd_2,untrtpd_2-164,NA,n,,,
14,6,2022,6/14/2022,165,untrtpd_2,untrtpd_2-165,NA,n,,,
15,6,2022,6/15/2022,166,untrtpd_2,untrtpd_2-166,12.878,n,,,
16,6,2022,6/16/2022,167,untrtpd_2,untrtpd_2-167,21.2435,n,,,
17,6,2022,6/17/2022,168,untrtpd_2,untrtpd_2-168,28.451,n,,,
18,6,2022,6/18/2022,169,untrtpd_2,untrtpd_2-169,25.952,n,,,
19,6,2022,6/19/2022,170,untrtpd_2,untrtpd_2-170,15.0015,n,,,
20,6,2022,6/20/2022,171,untrtpd_2,untrtpd_2-171,17.59725,n,,,
21,6,2022,6/21/2022,172,untrtpd_2,untrtpd_2-172,19.76325,n,,,
22,6,2022,6/22/2022,173,untrtpd_2,untrtpd_2-173,23.44225,n,,,
23,6,2022,6/23/2022,174,untrtpd_2,untrtpd_2-174,22.15525,n,,,
24,6,2022,6/24/2022,175,untrtpd_2,untrtpd_2-175,16.16,n,,,
25,6,2022,6/25/2022,176,untrtpd_2,untrtpd_2-176,16.66375,YES,18.32633333,,
26,6,2022,6/26/2022,177,untrtpd_2,untrtpd_2-177,20.98625,n,,,
27,6,2022,6/27/2022,178,untrtpd_2,untrtpd_2-178,24.39675,n,,,
28,6,2022,6/28/2022,179,untrtpd_2,untrtpd_2-179,27.314,n,,,
29,6,2022,6/29/2022,180,untrtpd_2,untrtpd_2-180,22.77725,n,,,
30,6,2022,6/30/2022,181,untrtpd_2,untrtpd_2-181,21.42625,n,,,
1,7,2022,7/1/2022,182,untrtpd_2,untrtpd_2-182,26.22,n,,,
2,7,2022,7/2/2022,183,untrtpd_2,untrtpd_2-183,29.427,n,,,
3,7,2022,7/3/2022,184,untrtpd_2,untrtpd_2-184,18.33725,n,,,
4,7,2022,7/4/2022,185,untrtpd_2,untrtpd_2-185,23.882,n,,,
5,7,2022,7/5/2022,186,untrtpd_2,untrtpd_2-186,21.39375,n,,,
6,7,2022,7/6/2022,187,untrtpd_2,untrtpd_2-187,24.21475,n,,,
7,7,2022,7/7/2022,188,untrtpd_2,untrtpd_2-188,23.73175,n,,,
8,7,2022,7/8/2022,189,untrtpd_2,untrtpd_2-189,25.952,n,,,
9,7,2022,7/9/2022,190,untrtpd_2,untrtpd_2-190,24.654,n,,,
10,7,2022,7/10/2022,191,untrtpd_2,untrtpd_2-191,20.57875,n,,,
11,7,2022,7/11/2022,192,untrtpd_2,untrtpd_2-192,22.36975,n,,,
12,7,2022,7/12/2022,193,untrtpd_2,untrtpd_2-193,26.928,n,,,
13,7,2022,7/13/2022,194,untrtpd_2,untrtpd_2-194,28.65475,n,,,
14,7,2022,7/14/2022,195,untrtpd_2,untrtpd_2-195,30.49975,n,,,
15,7,2022,7/15/2022,196,untrtpd_2,untrtpd_2-196,29.373,YES,29.50916667,24.65585,
16,7,2022,7/16/2022,197,untrtpd_2,untrtpd_2-197,30.982,n,,,
17,7,2022,7/17/2022,198,untrtpd_2,untrtpd_2-198,33.92075,n,,,
18,7,2022,7/18/2022,199,untrtpd_2,untrtpd_2-199,24.901,n,,,
19,7,2022,7/19/2022,200,untrtpd_2,untrtpd_2-200,27.7215,n,,,
20,7,2022,7/20/2022,201,untrtpd_2,untrtpd_2-201,28.20425,n,,,
21,7,2022,7/21/2022,202,untrtpd_2,untrtpd_2-202,28.16125,n,,,
22,7,2022,7/22/2022,203,untrtpd_2,untrtpd_2-203,28.8585,n,,,
23,7,2022,7/23/2022,204,untrtpd_2,untrtpd_2-204,27.5395,n,,,
24,7,2022,7/24/2022,205,untrtpd_2,untrtpd_2-205,28.70825,n,,,
25,7,2022,7/25/2022,206,untrtpd_2,untrtpd_2-206,25.287,n,,,
26,7,2022,7/26/2022,207,untrtpd_2,untrtpd_2-207,25.67325,n,,,
27,7,2022,7/27/2022,208,untrtpd_2,untrtpd_2-208,25.39425,n,,,
28,7,2022,7/28/2022,209,untrtpd_2,untrtpd_2-209,27.936,n,,,
29,7,2022,7/29/2022,210,untrtpd_2,untrtpd_2-210,32.47275,n,,,
30,7,2022,7/30/2022,211,untrtpd_2,untrtpd_2-211,28.9335,n,,,
31,7,2022,7/31/2022,212,untrtpd_2,untrtpd_2-212,30.58525,n,,,
1,8,2022,8/1/2022,213,untrtpd_2,untrtpd_2-213,36.1195,n,,,
2,8,2022,8/2/2022,214,untrtpd_2,untrtpd_2-214,26.02725,n,,,
3,8,2022,8/3/2022,215,untrtpd_2,untrtpd_2-215,27.4,n,,,
4,8,2022,8/4/2022,216,untrtpd_2,untrtpd_2-216,25.37275,n,,,
5,8,2022,8/5/2022,217,untrtpd_2,untrtpd_2-217,24.708,n,,,
6,8,2022,8/6/2022,218,untrtpd_2,untrtpd_2-218,16.32075,n,,,
7,8,2022,8/7/2022,219,untrtpd_2,untrtpd_2-219,25.66225,n,,,
8,8,2022,8/8/2022,220,untrtpd_2,untrtpd_2-220,30.15625,n,,,
9,8,2022,8/9/2022,221,untrtpd_2,untrtpd_2-221,27.64675,n,,,
10,8,2022,8/10/2022,222,untrtpd_2,untrtpd_2-222,28.612,n,,,
11,8,2022,8/11/2022,223,untrtpd_2,untrtpd_2-223,30.69225,n,,,
12,8,2022,8/12/2022,224,untrtpd_2,untrtpd_2-224,28.1935,n,,,
13,8,2022,8/13/2022,225,untrtpd_2,untrtpd_2-225,28.483,n,,,
14,8,2022,8/14/2022,226,untrtpd_2,untrtpd_2-226,27.7645,n,,,
15,8,2022,8/15/2022,227,untrtpd_2,untrtpd_2-227,27.24975,n,,,
16,8,2022,8/16/2022,228,untrtpd_2,untrtpd_2-228,28.9765,n,,,
17,8,2022,8/17/2022,229,untrtpd_2,untrtpd_2-229,28.5045,YES,28.24358333,27.99405,25.78447917
18,8,2022,8/18/2022,230,untrtpd_2,untrtpd_2-230,25.9625,n,,,
19,8,2022,8/19/2022,231,untrtpd_2,untrtpd_2-231,27.11025,n,,,
20,8,2022,8/20/2022,232,untrtpd_2,untrtpd_2-232,26.96025,n,,,
21,8,2022,8/21/2022,233,untrtpd_2,untrtpd_2-233,26.9065,n,,,
22,8,2022,8/22/2022,234,untrtpd_2,untrtpd_2-234,29.942,n,,,
23,8,2022,8/23/2022,235,untrtpd_2,untrtpd_2-235,20.064,n,,,
24,8,2022,8/24/2022,236,untrtpd_2,untrtpd_2-236,20.76125,n,,,
25,8,2022,8/25/2022,237,untrtpd_2,untrtpd_2-237,19.9135,n,,,
26,8,2022,8/26/2022,238,untrtpd_2,untrtpd_2-238,24.41825,n,,,
27,8,2022,8/27/2022,239,untrtpd_2,untrtpd_2-239,25.19025,n,,,
28,8,2022,8/28/2022,240,untrtpd_2,untrtpd_2-240,18.6055,n,,,
29,8,2022,8/29/2022,241,untrtpd_2,untrtpd_2-241,23.882,n,,,
30,8,2022,8/30/2022,242,untrtpd_2,untrtpd_2-242,27.21775,n,,,
31,8,2022,8/31/2022,243,untrtpd_2,untrtpd_2-243,28.33275,n,,,
1,9,2022,9/1/2022,244,untrtpd_2,untrtpd_2-244,NA,n,,,
2,9,2022,9/2/2022,245,untrtpd_2,untrtpd_2-245,NA,n,,,
3,9,2022,9/3/2022,246,untrtpd_2,untrtpd_2-246,NA,n,,,
9,6,2022,6/9/2022,160,untrtpd_3,untrtpd_3-160,NA,n,,,
10,6,2022,6/10/2022,161,untrtpd_3,untrtpd_3-161,NA,n,,,
11,6,2022,6/11/2022,162,untrtpd_3,untrtpd_3-162,NA,n,,,
12,6,2022,6/12/2022,163,untrtpd_3,untrtpd_3-163,NA,n,,,
13,6,2022,6/13/2022,164,untrtpd_3,untrtpd_3-164,NA,n,,,
14,6,2022,6/14/2022,165,untrtpd_3,untrtpd_3-165,NA,n,,,
15,6,2022,6/15/2022,166,untrtpd_3,untrtpd_3-166,13.575,n,,,
16,6,2022,6/16/2022,167,untrtpd_3,untrtpd_3-167,23.14175,n,,,
17,6,2022,6/17/2022,168,untrtpd_3,untrtpd_3-168,29.18,n,,,
18,6,2022,6/18/2022,169,untrtpd_3,untrtpd_3-169,26.97075,n,,,
19,6,2022,6/19/2022,170,untrtpd_3,untrtpd_3-170,14.68,n,,,
20,6,2022,6/20/2022,171,untrtpd_3,untrtpd_3-171,18.487,n,,,
21,6,2022,6/21/2022,172,untrtpd_3,untrtpd_3-172,19.63475,n,,,
22,6,2022,6/22/2022,173,untrtpd_3,untrtpd_3-173,24.9225,n,,,
23,6,2022,6/23/2022,174,untrtpd_3,untrtpd_3-174,23.43175,n,,,
24,6,2022,6/24/2022,175,untrtpd_3,untrtpd_3-175,16.36375,n,,,
25,6,2022,6/25/2022,176,untrtpd_3,untrtpd_3-176,16.6535,YES,18.81633333,,
26,6,2022,6/26/2022,177,untrtpd_3,untrtpd_3-177,23.27075,n,,,
27,6,2022,6/27/2022,178,untrtpd_3,untrtpd_3-178,25.08325,n,,,
28,6,2022,6/28/2022,179,untrtpd_3,untrtpd_3-179,27.32475,n,,,
29,6,2022,6/29/2022,180,untrtpd_3,untrtpd_3-180,23.421,n,,,
30,6,2022,6/30/2022,181,untrtpd_3,untrtpd_3-181,20.57875,n,,,
1,7,2022,7/1/2022,182,untrtpd_3,untrtpd_3-182,25.56575,n,,,
2,7,2022,7/2/2022,183,untrtpd_3,untrtpd_3-183,26.63825,n,,,
3,7,2022,7/3/2022,184,untrtpd_3,untrtpd_3-184,18.01525,n,,,
4,7,2022,7/4/2022,185,untrtpd_3,untrtpd_3-185,22.37,n,,,
5,7,2022,7/5/2022,186,untrtpd_3,untrtpd_3-186,20.375,n,,,
6,7,2022,7/6/2022,187,untrtpd_3,untrtpd_3-187,24.032,n,,,
7,7,2022,7/7/2022,188,untrtpd_3,untrtpd_3-188,23.925,n,,,
8,7,2022,7/8/2022,189,untrtpd_3,untrtpd_3-189,26.18775,n,,,
9,7,2022,7/9/2022,190,untrtpd_3,untrtpd_3-190,25.9305,n,,,
10,7,2022,7/10/2022,191,untrtpd_3,untrtpd_3-191,21.7905,n,,,
11,7,2022,7/11/2022,192,untrtpd_3,untrtpd_3-192,23.15275,n,,,
12,7,2022,7/12/2022,193,untrtpd_3,untrtpd_3-193,28.57975,n,,,
13,7,2022,7/13/2022,194,untrtpd_3,untrtpd_3-194,27.9575,n,,,
14,7,2022,7/14/2022,195,untrtpd_3,untrtpd_3-195,29.652,n,,,
15,7,2022,7/15/2022,196,untrtpd_3,untrtpd_3-196,29.298,YES,28.96916667,24.657425,
16,7,2022,7/16/2022,197,untrtpd_3,untrtpd_3-197,29.60925,n,,,
17,7,2022,7/17/2022,198,untrtpd_3,untrtpd_3-198,32.7945,n,,,
18,7,2022,7/18/2022,199,untrtpd_3,untrtpd_3-199,24.40725,n,,,
19,7,2022,7/19/2022,200,untrtpd_3,untrtpd_3-200,28.065,n,,,
20,7,2022,7/20/2022,201,untrtpd_3,untrtpd_3-201,28.15075,n,,,
21,7,2022,7/21/2022,202,untrtpd_3,untrtpd_3-202,27.50725,n,,,
22,7,2022,7/22/2022,203,untrtpd_3,untrtpd_3-203,27.73225,n,,,
23,7,2022,7/23/2022,204,untrtpd_3,untrtpd_3-204,26.0485,n,,,
24,7,2022,7/24/2022,205,untrtpd_3,untrtpd_3-205,29.1695,n,,,
25,7,2022,7/25/2022,206,untrtpd_3,untrtpd_3-206,22.49875,n,,,
26,7,2022,7/26/2022,207,untrtpd_3,untrtpd_3-207,25.46925,n,,,
27,7,2022,7/27/2022,208,untrtpd_3,untrtpd_3-208,23.76375,n,,,
28,7,2022,7/28/2022,209,untrtpd_3,untrtpd_3-209,26.499,n,,,
29,7,2022,7/29/2022,210,untrtpd_3,untrtpd_3-210,32.85925,n,,,
30,7,2022,7/30/2022,211,untrtpd_3,untrtpd_3-211,28.408,n,,,
31,7,2022,7/31/2022,212,untrtpd_3,untrtpd_3-212,30.59575,n,,,
1,8,2022,8/1/2022,213,untrtpd_3,untrtpd_3-213,36.00125,n,,,
2,8,2022,8/2/2022,214,untrtpd_3,untrtpd_3-214,24.68625,n,,,
3,8,2022,8/3/2022,215,untrtpd_3,untrtpd_3-215,29.3625,n,,,
4,8,2022,8/4/2022,216,untrtpd_3,untrtpd_3-216,26.91725,n,,,
5,8,2022,8/5/2022,217,untrtpd_3,untrtpd_3-217,22.9275,n,,,
6,8,2022,8/6/2022,218,untrtpd_3,untrtpd_3-218,15.68825,n,,,
7,8,2022,8/7/2022,219,untrtpd_3,untrtpd_3-219,26.13425,n,,,
8,8,2022,8/8/2022,220,untrtpd_3,untrtpd_3-220,29.824,n,,,
9,8,2022,8/9/2022,221,untrtpd_3,untrtpd_3-221,27.14225,n,,,
10,8,2022,8/10/2022,222,untrtpd_3,untrtpd_3-222,29.341,n,,,
11,8,2022,8/11/2022,223,untrtpd_3,untrtpd_3-223,30.86425,n,,,
12,8,2022,8/12/2022,224,untrtpd_3,untrtpd_3-224,28.96575,n,,,
13,8,2022,8/13/2022,225,untrtpd_3,untrtpd_3-225,31.22875,n,,,
14,8,2022,8/14/2022,226,untrtpd_3,untrtpd_3-226,27.432,n,,,
15,8,2022,8/15/2022,227,untrtpd_3,untrtpd_3-227,28.47225,n,,,
16,8,2022,8/16/2022,228,untrtpd_3,untrtpd_3-228,30.0385,n,,,
17,8,2022,8/17/2022,229,untrtpd_3,untrtpd_3-229,27.68975,YES,28.7335,28.2289375,25.726925
18,8,2022,8/18/2022,230,untrtpd_3,untrtpd_3-230,24.79375,n,,,
19,8,2022,8/19/2022,231,untrtpd_3,untrtpd_3-231,27.6145,n,,,
20,8,2022,8/20/2022,232,untrtpd_3,untrtpd_3-232,26.9925,n,,,
21,8,2022,8/21/2022,233,untrtpd_3,untrtpd_3-233,27.078,n,,,
22,8,2022,8/22/2022,234,untrtpd_3,untrtpd_3-234,30.29575,n,,,
23,8,2022,8/23/2022,235,untrtpd_3,untrtpd_3-235,19.33475,n,,,
24,8,2022,8/24/2022,236,untrtpd_3,untrtpd_3-236,19.249,n,,,
25,8,2022,8/25/2022,237,untrtpd_3,untrtpd_3-237,20.11775,n,,,
26,8,2022,8/26/2022,238,untrtpd_3,untrtpd_3-238,25.759,n,,,
27,8,2022,8/27/2022,239,untrtpd_3,untrtpd_3-239,24.53625,n,,,
28,8,2022,8/28/2022,240,untrtpd_3,untrtpd_3-240,19.02325,n,,,
29,8,2022,8/29/2022,241,untrtpd_3,untrtpd_3-241,24.2895,n,,,
30,8,2022,8/30/2022,242,untrtpd_3,untrtpd_3-242,27.9575,n,,,
31,8,2022,8/31/2022,243,untrtpd_3,untrtpd_3-243,28.72975,n,,,
1,9,2022,9/1/2022,244,untrtpd_3,untrtpd_3-244,NA,n,,,
2,9,2022,9/2/2022,245,untrtpd_3,untrtpd_3-245,NA,n,,,
3,9,2022,9/3/2022,246,untrtpd_3,untrtpd_3-246,NA,n,,,
