"","code_spp","wing_mm_est","wing_mm_SE","Q5","Q95","Q10","Q90","Q20","Q80","trt","site","month","spp"
"1","bison bison_1 6 Canthon_pilularius",7.12158005602879,0.206123940514553,6.77731591580574,7.44927847569553,6.87251428561707,7.36086556389426,6.97728084919924,7.27217915199781,"bison","bison_1",6,"Canthon_pilularius"
"2","bison bison_1 7 Canthon_pilularius",6.94801880666394,0.280087928583168,6.48517119287762,7.39938961855179,6.6045763788898,7.27116740670621,6.74250341512507,7.15749238391465,"bison","bison_1",7,"Canthon_pilularius"
"3","bison bison_1 8 Canthon_pilularius",7.17253563594449,0.263401926329512,6.7536432177602,7.61771383906129,6.869525598909,7.48949723463148,6.98428499587876,7.36507923245691,"bison","bison_1",8,"Canthon_pilularius"
"4","bison bison_2 6 Canthon_pilularius",7.02680428199929,1.1531691645038,5.1198292968727,8.96179625572997,5.5953805386432,8.41664448413339,6.20079480410393,7.88719850944202,"bison","bison_2",6,"Canthon_pilularius"
"5","bison bison_2 7 Canthon_pilularius",7.29170462896118,0.28066465394982,6.77508283676938,7.71551859690216,6.96079122223084,7.60092327325609,7.10875261765439,7.49190323718072,"bison","bison_2",7,"Canthon_pilularius"
"6","bison bison_2 8 Canthon_pilularius",7.03406828608338,0.258316844362917,6.60792642923149,7.42839105622493,6.73598387847682,7.33521664477619,6.84731431147309,7.21603207651988,"bison","bison_2",8,"Canthon_pilularius"
"7","bison bison_3 6 Canthon_pilularius",7.07866719767471,0.136248364358949,6.84975468299607,7.28777372972704,6.91705572579171,7.23622299337388,6.98275544573706,7.18158031924372,"bison","bison_3",6,"Canthon_pilularius"
"8","bison bison_3 7 Canthon_pilularius",7.18560900916546,0.159921631677119,6.92193200930123,7.44770909750464,6.99332611505564,7.37935214493107,7.06750434094267,7.3076483132655,"bison","bison_3",7,"Canthon_pilularius"
"9","bison bison_3 8 Canthon_pilularius",7.11228020542812,0.184219253756096,6.80982146127389,7.42434861760168,6.92689919317583,7.30044616033881,7.00172219694579,7.22283551750193,"bison","bison_3",8,"Canthon_pilularius"
"10","cattle cattle_1 7 Canthon_pilularius",7.4981458175542,0.141646392218915,7.26794551565578,7.73044996405188,7.32942709832513,7.65828899433226,7.3905835604681,7.59766057207538,"cattle","cattle_1",7,"Canthon_pilularius"
"11","cattle cattle_1 8 Canthon_pilularius",7.34531226912919,0.245381064894783,7.03688607084398,7.75071317493205,7.126359816983,7.55855961547986,7.19960242445393,7.44627131676471,"cattle","cattle_1",8,"Canthon_pilularius"
"12","cattle cattle_2 7 Canthon_pilularius",7.23858074741896,0.222950708500439,6.94605141392312,7.60557318681769,7.02079487796476,7.45124823721497,7.09093821189359,7.34755954496657,"cattle","cattle_2",7,"Canthon_pilularius"
"13","cattle cattle_2 8 Canthon_pilularius",7.1557275324877,0.204137179337519,6.83721504157762,7.48669292744645,6.93036162744279,7.37215394959801,7.0219090365999,7.28416783709041,"cattle","cattle_2",8,"Canthon_pilularius"
"14","cattle cattle_3 6 Canthon_pilularius",7.43988553339843,0.235661167952489,7.13639405960947,7.79320394799344,7.22044691193797,7.6702407449627,7.30190936799809,7.56881947578966,"cattle","cattle_3",6,"Canthon_pilularius"
"15","cattle cattle_3 7 Canthon_pilularius",7.26396798047804,0.176811315560806,6.95132324528107,7.52714795766285,7.05771881055281,7.464837546168,7.14180144828905,7.39024590294457,"cattle","cattle_3",7,"Canthon_pilularius"
"16","cattle cattle_3 8 Canthon_pilularius",7.34446881294193,0.114241290003884,7.1717407937225,7.51674325323894,7.21585611397904,7.47669640055557,7.26004433556766,7.43161397971983,"cattle","cattle_3",8,"Canthon_pilularius"
"17","trtpd trtpd_1 6 Canthon_pilularius",4.2935888278216,1.77786117440276,0.361717345316041,6.82623235181771,1.55453779412128,6.26494801524556,3.15200712802122,5.64160195302658,"trtpd","trtpd_1",6,"Canthon_pilularius"
"18","trtpd trtpd_1 7 Canthon_pilularius",4.2612898124778,1.61806721037267,1.29444161433089,6.74551123114347,2.28263917349869,6.07579186283984,3.1597827151323,5.41887926312593,"trtpd","trtpd_1",7,"Canthon_pilularius"
"19","trtpd trtpd_1 8 Canthon_pilularius",6.31818611709018,0.399064096294837,5.65201998581347,6.96026686878986,5.82907353094229,6.77156523421279,6.03355633125433,6.60792328962096,"trtpd","trtpd_1",8,"Canthon_pilularius"
"20","trtpd trtpd_2 6 Canthon_pilularius",7.39508524970533,0.391327032124267,6.84734813978096,8.0290669489673,7.02016939269195,7.79086481829433,7.17065707012309,7.58338996773567,"trtpd","trtpd_2",6,"Canthon_pilularius"
"21","trtpd trtpd_2 7 Canthon_pilularius",7.10946171707007,0.15440491469869,6.85928557980591,7.31646638087785,6.9427753015445,7.27040265564915,7.01891672942101,7.21698469338103,"trtpd","trtpd_2",7,"Canthon_pilularius"
"22","trtpd trtpd_2 8 Canthon_pilularius",7.08862406693624,0.155764884981804,6.83467001328852,7.3337753683854,6.91654157834346,7.26355733264668,6.98730919332269,7.19586353890447,"trtpd","trtpd_2",8,"Canthon_pilularius"
"23","trtpd trtpd_3 6 Canthon_pilularius",7.22454238206146,0.394257539344283,6.57610866485545,7.86924319693427,6.76068670673017,7.68923026465871,6.942725755802,7.50841606972614,"trtpd","trtpd_3",6,"Canthon_pilularius"
"24","trtpd trtpd_3 7 Canthon_pilularius",6.93776759399599,0.590109454723808,5.53633904092546,7.6717581422709,6.25269846565667,7.47280000880326,6.67820133292019,7.29953895018371,"trtpd","trtpd_3",7,"Canthon_pilularius"
"25","trtpd trtpd_3 8 Canthon_pilularius",6.72625090210674,0.546761010220661,5.88346229181997,7.65832561902213,6.11931855828093,7.3245362217624,6.35065668088877,7.05519299774174,"trtpd","trtpd_3",8,"Canthon_pilularius"
"26","ungrazed ungrazed_1 6 Canthon_pilularius",7.40701517000121,0.168773236222104,7.13701950502347,7.68479456310979,7.21378481324855,7.60298263789803,7.28745991861914,7.52997507722099,"ungrazed","ungrazed_1",6,"Canthon_pilularius"
"27","ungrazed ungrazed_1 7 Canthon_pilularius",7.52090564110008,0.127609013912788,7.3301399388149,7.70710933727861,7.40043359652267,7.65541394722949,7.4487403657959,7.60282120109716,"ungrazed","ungrazed_1",7,"Canthon_pilularius"
"28","ungrazed ungrazed_1 8 Canthon_pilularius",7.37164660076609,0.142300836684074,7.15158218751952,7.60120007527119,7.21233925078123,7.53397010902877,7.26877533880123,7.46888294844057,"ungrazed","ungrazed_1",8,"Canthon_pilularius"
"29","ungrazed ungrazed_2 6 Canthon_pilularius",7.01062576396455,0.764247398740514,5.82109285852337,8.25511909924961,6.14819804107076,7.90620971682739,6.45355398312122,7.57030005042801,"ungrazed","ungrazed_2",6,"Canthon_pilularius"
"30","ungrazed ungrazed_2 7 Canthon_pilularius",7.37763802107562,0.599842264052679,6.42634018281624,8.37187346069581,6.69833890402237,8.06780392453195,6.96936858979953,7.79839297772725,"ungrazed","ungrazed_2",7,"Canthon_pilularius"
"31","ungrazed ungrazed_2 8 Canthon_pilularius",7.31685680458927,0.236050263500669,6.99409357095689,7.70689822709459,7.08424361195821,7.56534924184707,7.1697299912281,7.45080795788085,"ungrazed","ungrazed_2",8,"Canthon_pilularius"
"32","ungrazed ungrazed_3 6 Canthon_pilularius",7.15654468036156,0.419374264811262,6.46318584302044,7.8220026060752,6.64461963007562,7.64627381311245,6.85686845231008,7.45271101889781,"ungrazed","ungrazed_3",6,"Canthon_pilularius"
"33","ungrazed ungrazed_3 7 Canthon_pilularius",7.57625824862809,0.638973588760611,6.48725832039832,8.51564714363824,6.85777161306141,8.21062419192193,7.21608832869468,7.95117756195429,"ungrazed","ungrazed_3",7,"Canthon_pilularius"
"34","ungrazed ungrazed_3 8 Canthon_pilularius",6.93433201965327,0.322017351579261,6.41596376799569,7.45565323495879,6.56251591408351,7.30221901739511,6.70690639163564,7.15846416190681,"ungrazed","ungrazed_3",8,"Canthon_pilularius"
"35","untrtpd untrtpd_1 8 Canthon_pilularius",5.8009519683031,1.33453810107522,3.76812294648124,8.10927629598523,4.35703398595732,7.40039531609454,4.89169423889268,6.74759501639243,"untrtpd","untrtpd_1",8,"Canthon_pilularius"
"36","untrtpd untrtpd_2 6 Canthon_pilularius",7.20787891744723,0.186073103495361,6.88982476171341,7.506368657515,6.98900719283188,7.43295114266613,7.08055630598301,7.34594009543193,"untrtpd","untrtpd_2",6,"Canthon_pilularius"
"37","untrtpd untrtpd_2 7 Canthon_pilularius",7.16084429928682,0.137336176855233,6.9330186258513,7.38065114564309,7.00586164203233,7.31577334722235,7.07094709319157,7.25056376440938,"untrtpd","untrtpd_2",7,"Canthon_pilularius"
"38","untrtpd untrtpd_2 8 Canthon_pilularius",6.86612566351057,0.161466188643713,6.60038385862707,7.12500962452381,6.66201324345634,7.06005921534803,6.73819867620622,6.98983592099809,"untrtpd","untrtpd_2",8,"Canthon_pilularius"
"39","untrtpd untrtpd_3 6 Canthon_pilularius",7.24705201056962,0.297257678612538,6.75509021025466,7.73536760600288,6.90015132231344,7.58937093563842,7.04137267710616,7.44728980071141,"untrtpd","untrtpd_3",6,"Canthon_pilularius"
"40","untrtpd untrtpd_3 7 Canthon_pilularius",7.24942120364711,0.161339512235194,7.0285463986266,7.50967712793768,7.08213265412484,7.41290134933307,7.13582567910975,7.33922901986869,"untrtpd","untrtpd_3",7,"Canthon_pilularius"
"41","untrtpd untrtpd_3 8 Canthon_pilularius",7.01657017567493,0.238889118542587,6.62020532218149,7.4129997427169,6.73290695370294,7.29890753556214,6.85243276483671,7.1808166998223,"untrtpd","untrtpd_3",8,"Canthon_pilularius"
"42","bison bison_1 6 Onthophagus_nuchicornis_female",3.00206908792224,0.0984188676210979,2.85039578537795,3.15384285987361,2.8929352940865,3.11384370567966,2.93586870175803,3.07547993991098,"bison","bison_1",6,"Onthophagus_nuchicornis_female"
"43","bison bison_1 7 Onthophagus_nuchicornis_female",3.13022885835869,0.142192023764195,2.91103162301374,3.37707417919487,2.97134224785821,3.28008649998019,3.04213920472357,3.21301150145082,"bison","bison_1",7,"Onthophagus_nuchicornis_female"
"44","bison bison_1 8 Onthophagus_nuchicornis_female",2.94786477970163,1.99504908982756,-0.542467098781028,6.21870688362335,0.615045271436179,5.31921675141865,1.61213204842895,4.2955083873213,"bison","bison_1",8,"Onthophagus_nuchicornis_female"
"45","bison bison_2 6 Onthophagus_nuchicornis_female",3.30801297407327,0.252362707367008,2.87753114356483,3.71816181200666,3.00905826764574,3.59415992677309,3.12816495317074,3.48516253212537,"bison","bison_2",6,"Onthophagus_nuchicornis_female"
"46","bison bison_2 7 Onthophagus_nuchicornis_female",3.19892202485774,0.100260940562226,3.04902868148897,3.35904234966121,3.08994420338742,3.30819548235639,3.1310216961015,3.26127431474073,"bison","bison_2",7,"Onthophagus_nuchicornis_female"
"47","bison bison_2 8 Onthophagus_nuchicornis_female",3.13865100059694,0.718036552267157,1.90893522086699,4.24949597057754,2.29309719042512,3.99695948900964,2.699417486086,3.60773587678514,"bison","bison_2",8,"Onthophagus_nuchicornis_female"
"48","bison bison_3 6 Onthophagus_nuchicornis_female",3.14762759588531,0.0895219572257916,3.00634549927319,3.3305871512749,3.04068682229794,3.25411245639411,3.08237359892505,3.20666407559441,"bison","bison_3",6,"Onthophagus_nuchicornis_female"
"49","bison bison_3 7 Onthophagus_nuchicornis_female",2.99062788127592,0.0750530653519004,2.8644668357088,3.11126977637796,2.90429507770355,3.07565463105611,2.9378877319161,3.04372331979982,"bison","bison_3",7,"Onthophagus_nuchicornis_female"
"50","bison bison_3 8 Onthophagus_nuchicornis_female",2.9618840289618,0.106171016722063,2.78944706540579,3.1330440550775,2.83905407036914,3.08271130635356,2.88829370166075,3.03595252098858,"bison","bison_3",8,"Onthophagus_nuchicornis_female"
"51","cattle cattle_1 6 Onthophagus_nuchicornis_female",3.10324873776,0.68698368078962,1.99774377137901,4.12878500026452,2.30531600669415,3.80517213174556,2.723922730599,3.52056562577365,"cattle","cattle_1",6,"Onthophagus_nuchicornis_female"
"52","cattle cattle_1 7 Onthophagus_nuchicornis_female",3.18838342619138,0.327697507842623,2.67889410279964,3.68789039265333,2.85043647298693,3.53783015909123,2.99639582488128,3.38754644540276,"cattle","cattle_1",7,"Onthophagus_nuchicornis_female"
"53","cattle cattle_1 8 Onthophagus_nuchicornis_female",2.40356094581669,1.31225472391628,0.436694868190681,4.59372252510759,0.90660837202809,3.89956342254256,1.47577569783482,3.21505194655552,"cattle","cattle_1",8,"Onthophagus_nuchicornis_female"
"54","cattle cattle_2 6 Onthophagus_nuchicornis_female",3.59863027505948,1.42630674605011,1.52085977946186,6.16109850350545,2.10913853408239,5.23204554494803,2.65561692164658,4.60775276908184,"cattle","cattle_2",6,"Onthophagus_nuchicornis_female"
"55","cattle cattle_2 7 Onthophagus_nuchicornis_female",3.15641907116073,0.126009582164398,2.9232945212179,3.37056880006486,3.00686649894985,3.29635234529128,3.07672563467125,3.2323051859906,"cattle","cattle_2",7,"Onthophagus_nuchicornis_female"
"56","cattle cattle_2 8 Onthophagus_nuchicornis_female",3.01033602879354,0.11270081494936,2.82960464532597,3.17932128526873,2.88176065520213,3.13433249138138,2.9359198839129,3.09070807690556,"cattle","cattle_2",8,"Onthophagus_nuchicornis_female"
"57","cattle cattle_3 6 Onthophagus_nuchicornis_female",3.16758837502949,0.208951618020477,2.94270900323454,3.59032868205975,2.98178892182624,3.55876204249137,3.0173131977126,3.43418705858759,"cattle","cattle_3",6,"Onthophagus_nuchicornis_female"
"58","cattle cattle_3 7 Onthophagus_nuchicornis_female",3.01210530437291,0.0870216376897574,2.86660730745451,3.15245569814618,2.90844801303194,3.11476421775804,2.95021046155821,3.07444600831732,"cattle","cattle_3",7,"Onthophagus_nuchicornis_female"
"59","cattle cattle_3 8 Onthophagus_nuchicornis_female",3.34921226084048,0.156329888112511,3.10534130315695,3.5771276080589,3.19543028795946,3.51831452714602,3.26362588666583,3.45033881511491,"cattle","cattle_3",8,"Onthophagus_nuchicornis_female"
"60","trtpd trtpd_1 6 Onthophagus_nuchicornis_female",3.28306567958168,0.255099185967608,2.89447828315793,3.72488757500627,3.00612570330787,3.54847497307669,3.12379371685874,3.41861745132592,"trtpd","trtpd_1",6,"Onthophagus_nuchicornis_female"
"61","trtpd trtpd_1 7 Onthophagus_nuchicornis_female",3.20828474108841,0.112433725450993,3.02849894827653,3.40033600423574,3.07898898177049,3.3444505929519,3.12739254587587,3.29144978274018,"trtpd","trtpd_1",7,"Onthophagus_nuchicornis_female"
"62","trtpd trtpd_1 8 Onthophagus_nuchicornis_female",3.04172587329488,0.663810254961069,1.98210318960359,4.11287196868945,2.27079486141118,3.73622401333355,2.66712339343674,3.40899816169202,"trtpd","trtpd_1",8,"Onthophagus_nuchicornis_female"
"63","trtpd trtpd_2 6 Onthophagus_nuchicornis_female",3.06138869151931,0.106507263639579,2.87939136134867,3.22373368153342,2.94059629832765,3.18260482032781,2.99218980840311,3.13810404831711,"trtpd","trtpd_2",6,"Onthophagus_nuchicornis_female"
"64","trtpd trtpd_2 7 Onthophagus_nuchicornis_female",3.00847476719053,0.129946182890535,2.79942703659218,3.20270584608786,2.87076854167527,3.15425284952382,2.93263766421994,3.09747292116984,"trtpd","trtpd_2",7,"Onthophagus_nuchicornis_female"
"65","trtpd trtpd_2 8 Onthophagus_nuchicornis_female",3.11707223198689,0.45583137719088,2.47895921131842,3.75089164765559,2.67302302204117,3.56087666599841,2.85936179285103,3.3793294821234,"trtpd","trtpd_2",8,"Onthophagus_nuchicornis_female"
"66","trtpd trtpd_3 6 Onthophagus_nuchicornis_female",3.35308833514628,0.128269292996889,3.13767173718089,3.57680921354357,3.19821053691643,3.5142953716725,3.26332519329296,3.44334361806269,"trtpd","trtpd_3",6,"Onthophagus_nuchicornis_female"
"67","trtpd trtpd_3 7 Onthophagus_nuchicornis_female",3.02761207936469,0.209428440388218,2.70003178569317,3.37803279346279,2.79029569258795,3.26407299054422,2.87799993485506,3.17247977406982,"trtpd","trtpd_3",7,"Onthophagus_nuchicornis_female"
"68","trtpd trtpd_3 8 Onthophagus_nuchicornis_female",3.30480408863715,1.07419578584471,1.82678365869067,4.80910923672774,2.25677915682677,4.2608376489607,2.68309356257413,3.71378555872115,"trtpd","trtpd_3",8,"Onthophagus_nuchicornis_female"
"69","ungrazed ungrazed_1 6 Onthophagus_nuchicornis_female",2.97832773876976,0.15442883729111,2.74724093382363,3.22227810619834,2.81658664737773,3.14145407871046,2.88204773502716,3.07061659187612,"ungrazed","ungrazed_1",6,"Onthophagus_nuchicornis_female"
"70","ungrazed ungrazed_1 7 Onthophagus_nuchicornis_female",3.02105591578496,0.0835850169923617,2.89159596528059,3.15787414442685,2.92889645523298,3.12070749639722,2.9635135465405,3.08131560179505,"ungrazed","ungrazed_1",7,"Onthophagus_nuchicornis_female"
"71","ungrazed ungrazed_1 8 Onthophagus_nuchicornis_female",3.20813331458274,1.17698478465168,1.34786682805968,5.13821348265278,1.94288228686239,4.54190759463285,2.49479815747491,3.91410850936228,"ungrazed","ungrazed_1",8,"Onthophagus_nuchicornis_female"
"72","ungrazed ungrazed_2 6 Onthophagus_nuchicornis_female",3.3488117197404,1.31783098475996,1.28706025044001,5.46848102924104,1.82066248597652,4.80558648299929,2.41641982664745,4.18868103475762,"ungrazed","ungrazed_2",6,"Onthophagus_nuchicornis_female"
"73","ungrazed ungrazed_2 8 Onthophagus_nuchicornis_female",2.90002011395158,0.759091843960729,1.64205868886985,4.08112203900091,2.11011491583579,3.70200348683829,2.47970655016139,3.33453585625651,"ungrazed","ungrazed_2",8,"Onthophagus_nuchicornis_female"
"74","ungrazed ungrazed_3 6 Onthophagus_nuchicornis_female",3.25325134071349,0.11470733406756,3.06898889900491,3.43719813377949,3.12212136084976,3.38400745754129,3.17200433396145,3.33428138415465,"ungrazed","ungrazed_3",6,"Onthophagus_nuchicornis_female"
"75","ungrazed ungrazed_3 7 Onthophagus_nuchicornis_female",3.09973706022769,0.640542310441933,2.15202745499548,4.21475894759457,2.4549195523374,3.85239920494073,2.70315942264352,3.47048443340851,"ungrazed","ungrazed_3",7,"Onthophagus_nuchicornis_female"
"76","ungrazed ungrazed_3 8 Onthophagus_nuchicornis_female",3.32665936290724,0.324867917278628,2.82646878553707,3.8536992821371,2.96978001279123,3.68031760708537,3.11497819595601,3.53255153027412,"ungrazed","ungrazed_3",8,"Onthophagus_nuchicornis_female"
"77","untrtpd untrtpd_1 6 Onthophagus_nuchicornis_female",3.4709201592848,1.85066033770671,0.162963166687293,6.4312374354658,1.03015383411672,5.67952970639361,2.0633610752264,4.90985011466973,"untrtpd","untrtpd_1",6,"Onthophagus_nuchicornis_female"
"78","untrtpd untrtpd_1 7 Onthophagus_nuchicornis_female",3.01394831646963,0.0486193695553206,2.93551429556472,3.08751515275114,2.95877502213563,3.06702152754978,2.98099873320604,3.04583330746677,"untrtpd","untrtpd_1",7,"Onthophagus_nuchicornis_female"
"79","untrtpd untrtpd_1 8 Onthophagus_nuchicornis_female",2.86705231030804,0.168469037192356,2.62528146333658,3.20844090443564,2.69166816787388,3.06080484299796,2.75378161894009,2.96516097553101,"untrtpd","untrtpd_1",8,"Onthophagus_nuchicornis_female"
"80","untrtpd untrtpd_2 6 Onthophagus_nuchicornis_female",3.29024528395998,0.0961552339477593,3.14555563884238,3.44960690057591,3.18316358230235,3.39594198557175,3.22490450535077,3.35360097347994,"untrtpd","untrtpd_2",6,"Onthophagus_nuchicornis_female"
"81","untrtpd untrtpd_2 7 Onthophagus_nuchicornis_female",3.11052821343741,0.121475265241227,2.90302960840476,3.29288780830725,2.96507941734594,3.24466376189467,3.02783439028633,3.20047013670941,"untrtpd","untrtpd_2",7,"Onthophagus_nuchicornis_female"
"82","untrtpd untrtpd_2 8 Onthophagus_nuchicornis_female",3.01784650369531,0.150739342272405,2.77251375720094,3.27226284248557,2.84644954888604,3.17982964439376,2.91751237190087,3.11313636418242,"untrtpd","untrtpd_2",8,"Onthophagus_nuchicornis_female"
"83","untrtpd untrtpd_3 6 Onthophagus_nuchicornis_female",3.01400458843501,0.126531113317253,2.82605548066386,3.23484208512394,2.88211616879372,3.16406465068673,2.93347599720793,3.09162156552342,"untrtpd","untrtpd_3",6,"Onthophagus_nuchicornis_female"
"84","untrtpd untrtpd_3 7 Onthophagus_nuchicornis_female",3.19655636890446,0.120100902619013,2.89752788051722,3.3722215240112,3.05660638371327,3.31639311642206,3.13785595594858,3.27325576033127,"untrtpd","untrtpd_3",7,"Onthophagus_nuchicornis_female"
"85","untrtpd untrtpd_3 8 Onthophagus_nuchicornis_female",2.98691993854227,0.135689111518439,2.78975067177055,3.25400306711545,2.84170363671396,3.13704155734129,2.88949941227209,3.06975231212688,"untrtpd","untrtpd_3",8,"Onthophagus_nuchicornis_female"
"86","bison bison_1 6 Onthophagus_nuchicornis_male",2.96457909253888,0.122423679817636,2.68882304924836,3.11668110376015,2.82238296151275,3.08340067139123,2.90306605134182,3.0467021640643,"bison","bison_1",6,"Onthophagus_nuchicornis_male"
"87","bison bison_1 7 Onthophagus_nuchicornis_male",3.08635937989309,0.188029698868245,2.77473300161631,3.36483620265521,2.89631778469918,3.27928462777858,2.98078408900898,3.21205322713437,"bison","bison_1",7,"Onthophagus_nuchicornis_male"
"88","bison bison_2 6 Onthophagus_nuchicornis_male",3.189002600448,0.437458527067709,1.85603538110159,3.6990747506862,2.81792109682829,3.56079520432617,3.04105560990685,3.43133087944448,"bison","bison_2",6,"Onthophagus_nuchicornis_male"
"89","bison bison_2 7 Onthophagus_nuchicornis_male",3.14355175276084,0.111452760690932,2.96430813288717,3.31682076357292,3.02196550782753,3.26550563930551,3.07012197603715,3.22110018362511,"bison","bison_2",7,"Onthophagus_nuchicornis_male"
"90","bison bison_2 8 Onthophagus_nuchicornis_male",2.69972988266164,1.99012631007743,-0.495526047138626,5.86170392331083,0.57030278939149,5.03905915240527,1.41108904524586,4.08608471920345,"bison","bison_2",8,"Onthophagus_nuchicornis_male"
"91","bison bison_3 6 Onthophagus_nuchicornis_male",3.07799494475637,0.0666199511408266,2.97618467671926,3.20171304811595,3.0036437111564,3.15678947373742,3.0300655562354,3.12029462745486,"bison","bison_3",6,"Onthophagus_nuchicornis_male"
"92","bison bison_3 7 Onthophagus_nuchicornis_male",3.12237494599848,0.116303475504447,2.94516078606407,3.31801355386199,2.98940619230005,3.26775154761393,3.03887320869502,3.20134350075825,"bison","bison_3",7,"Onthophagus_nuchicornis_male"
"93","bison bison_3 8 Onthophagus_nuchicornis_male",3.02552392730369,0.0534986295412034,2.94456442100687,3.11219039296388,2.96662535123716,3.08600112782319,2.98774383257351,3.06085149870563,"bison","bison_3",8,"Onthophagus_nuchicornis_male"
"94","cattle cattle_1 6 Onthophagus_nuchicornis_male",3.65734586507342,1.30489520219826,1.71886749897661,5.76299422892998,2.21887009507375,5.0999311563386,2.67765187668208,4.48105704959671,"cattle","cattle_1",6,"Onthophagus_nuchicornis_male"
"95","cattle cattle_1 7 Onthophagus_nuchicornis_male",3.23233555544161,0.368158451535368,2.68797590208683,3.8175465137059,2.84834602168581,3.64077029304775,2.9940503354677,3.44968064048433,"cattle","cattle_1",7,"Onthophagus_nuchicornis_male"
"96","cattle cattle_1 8 Onthophagus_nuchicornis_male",3.05457750519911,0.237579301992376,2.69485281713811,3.44601686374999,2.81854044050234,3.30377354291747,2.91229015036744,3.18779942479321,"cattle","cattle_1",8,"Onthophagus_nuchicornis_male"
"97","cattle cattle_2 6 Onthophagus_nuchicornis_male",2.92095251516417,2.08620889974667,-0.499068000953706,6.24895136903727,0.533419823683052,5.25462629045471,1.46005013769746,4.4504275523403,"cattle","cattle_2",6,"Onthophagus_nuchicornis_male"
"98","cattle cattle_2 7 Onthophagus_nuchicornis_male",3.23491571395202,0.174779140961761,2.9773373327038,3.52371664920164,3.04782920941413,3.42783599786516,3.12047161248279,3.34582020008584,"cattle","cattle_2",7,"Onthophagus_nuchicornis_male"
"99","cattle cattle_2 8 Onthophagus_nuchicornis_male",3.04388850491925,0.124573728743008,2.84061093695583,3.25413524990633,2.8960604869529,3.18652264186367,2.9537953796479,3.12872641568856,"cattle","cattle_2",8,"Onthophagus_nuchicornis_male"
"100","cattle cattle_3 6 Onthophagus_nuchicornis_male",3.1034757770531,0.0606294038711135,3.00240376439819,3.19829851567017,3.03078656987334,3.17485739528041,3.05954948219775,3.14784308520119,"cattle","cattle_3",6,"Onthophagus_nuchicornis_male"
"101","cattle cattle_3 7 Onthophagus_nuchicornis_male",3.03340607238401,0.0863109091092969,2.88666574724661,3.16689192196702,2.93393059248103,3.1295495359496,2.97732366591912,3.09478849366779,"cattle","cattle_3",7,"Onthophagus_nuchicornis_male"
"102","cattle cattle_3 8 Onthophagus_nuchicornis_male",3.55704885313669,0.848178819559789,2.37040333670918,4.84448219520366,2.7464734653252,4.37597541490188,3.12086170182897,3.96541484642609,"cattle","cattle_3",8,"Onthophagus_nuchicornis_male"
"103","trtpd trtpd_1 6 Onthophagus_nuchicornis_male",3.11462469404043,0.313054818365854,2.5930265053485,3.59316849238883,2.73860984589976,3.4701166443724,2.91230566970606,3.32366985963067,"trtpd","trtpd_1",6,"Onthophagus_nuchicornis_male"
"104","trtpd trtpd_1 7 Onthophagus_nuchicornis_male",3.28767928601369,0.0910533440006345,3.13180006341208,3.42534461729468,3.17892912127899,3.38908033995518,3.22378397389802,3.35175228512055,"trtpd","trtpd_1",7,"Onthophagus_nuchicornis_male"
"105","trtpd trtpd_1 8 Onthophagus_nuchicornis_male",3.63910770257521,1.42919403270228,1.40591785850862,6.27474136392092,2.04248871008058,5.62737392939511,2.70318056779918,4.57415084625108,"trtpd","trtpd_1",8,"Onthophagus_nuchicornis_male"
"106","trtpd trtpd_2 6 Onthophagus_nuchicornis_male",3.08344053301439,0.170023749593629,2.69563762273807,3.32137076475432,2.8731330931093,3.25468849659682,2.99802173737478,3.19543087349463,"trtpd","trtpd_2",6,"Onthophagus_nuchicornis_male"
"107","trtpd trtpd_2 7 Onthophagus_nuchicornis_male",3.10869821445712,0.127768516001399,2.88575203563053,3.3145316161696,2.96277675536256,3.25433797319958,3.02455157454654,3.19464674755793,"trtpd","trtpd_2",7,"Onthophagus_nuchicornis_male"
"108","trtpd trtpd_2 8 Onthophagus_nuchicornis_male",3.01100578573139,0.634109049172468,1.8843852506472,3.86731265839287,2.19769380367322,3.67132220651056,2.65825366696854,3.41398007240123,"trtpd","trtpd_2",8,"Onthophagus_nuchicornis_male"
"109","trtpd trtpd_3 6 Onthophagus_nuchicornis_male",3.19531008963308,0.132843369880142,2.98026393760859,3.41021336822162,3.04014765768604,3.34614821015699,3.1057225815051,3.28564597888487,"trtpd","trtpd_3",6,"Onthophagus_nuchicornis_male"
"110","trtpd trtpd_3 7 Onthophagus_nuchicornis_male",3.01735658481001,0.320360418718759,2.54259558636098,3.48184122367156,2.71413985115237,3.30889825423982,2.8503128173798,3.17968351673431,"trtpd","trtpd_3",7,"Onthophagus_nuchicornis_male"
"111","trtpd trtpd_3 8 Onthophagus_nuchicornis_male",3.15192318489557,0.25096212484012,2.74090155686864,3.54012373090924,2.87491594260716,3.41659498648942,3.00103090303061,3.30544256332908,"trtpd","trtpd_3",8,"Onthophagus_nuchicornis_male"
"112","ungrazed ungrazed_1 6 Onthophagus_nuchicornis_male",3.02168656674894,0.0837691009216253,2.89632101106507,3.14653203821024,2.94265512878245,3.10484005521508,2.97797467019679,3.07119898754744,"ungrazed","ungrazed_1",6,"Onthophagus_nuchicornis_male"
"113","ungrazed ungrazed_1 7 Onthophagus_nuchicornis_male",3.03361402257576,0.0848621216339312,2.91366448585536,3.16455503176711,2.94152136707692,3.12088765319627,2.97714259286377,3.08430811959628,"ungrazed","ungrazed_1",7,"Onthophagus_nuchicornis_male"
"114","ungrazed ungrazed_2 6 Onthophagus_nuchicornis_male",3.84991081469781,1.89788212791066,0.73441156748813,6.91082167106786,1.5917896466098,6.12432796173984,2.53503755564705,5.24083805426046,"ungrazed","ungrazed_2",6,"Onthophagus_nuchicornis_male"
"115","ungrazed ungrazed_2 8 Onthophagus_nuchicornis_male",3.6145825450227,2.02421189510689,0.314356238698636,6.81240929787587,1.26215784094412,6.01169565498119,2.31038187521502,4.99024873053849,"ungrazed","ungrazed_2",8,"Onthophagus_nuchicornis_male"
"116","ungrazed ungrazed_3 6 Onthophagus_nuchicornis_male",3.20194178127834,0.11325184603948,3.01030615930898,3.37913280663893,3.06644517253934,3.33441315243971,3.12277485130604,3.28494448038285,"ungrazed","ungrazed_3",6,"Onthophagus_nuchicornis_male"
"117","ungrazed ungrazed_3 8 Onthophagus_nuchicornis_male",3.38389059126854,1.23205622974297,1.46860352837027,5.27662556899801,2.04743659024171,4.72277122878195,2.59673507210189,4.10802233518948,"ungrazed","ungrazed_3",8,"Onthophagus_nuchicornis_male"
"118","untrtpd untrtpd_1 7 Onthophagus_nuchicornis_male",2.99793068968229,0.0859593129202675,2.76963894426794,3.10881054103169,2.90142116953624,3.07664016579876,2.95366146277956,3.04878028155697,"untrtpd","untrtpd_1",7,"Onthophagus_nuchicornis_male"
"119","untrtpd untrtpd_1 8 Onthophagus_nuchicornis_male",2.944199860925,0.176352764242726,2.62101153665059,3.21668251391045,2.72751888089674,3.14321305930301,2.83460259487961,3.06242183239159,"untrtpd","untrtpd_1",8,"Onthophagus_nuchicornis_male"
"120","untrtpd untrtpd_2 6 Onthophagus_nuchicornis_male",3.25661386338493,0.194624250410504,2.93294935994423,3.57231288694605,3.03787831283729,3.47315387996474,3.12627172544622,3.38912487334884,"untrtpd","untrtpd_2",6,"Onthophagus_nuchicornis_male"
"121","untrtpd untrtpd_2 7 Onthophagus_nuchicornis_male",3.15331836362327,0.195910124912998,2.84021272458202,3.48188094417139,2.94077830845543,3.38069766092832,3.02556164077849,3.28186056219772,"untrtpd","untrtpd_2",7,"Onthophagus_nuchicornis_male"
"122","untrtpd untrtpd_2 8 Onthophagus_nuchicornis_male",3.07665430026188,0.0682080029946072,2.97844201618089,3.1686702937149,3.00993006177253,3.14269917608776,3.037565690586,3.11539656436357,"untrtpd","untrtpd_2",8,"Onthophagus_nuchicornis_male"
"123","untrtpd untrtpd_3 6 Onthophagus_nuchicornis_male",3.02550201729304,0.0826286192605613,2.90145729228116,3.1561668051083,2.93905265198707,3.11517138794421,2.97332762576956,3.07907555376184,"untrtpd","untrtpd_3",6,"Onthophagus_nuchicornis_male"
"124","untrtpd untrtpd_3 7 Onthophagus_nuchicornis_male",3.11761661340496,0.122038032867702,2.88822803608909,3.29664217330573,2.97219906854401,3.24426665747717,3.03976364740787,3.19671509832907,"untrtpd","untrtpd_3",7,"Onthophagus_nuchicornis_male"
"125","untrtpd untrtpd_3 8 Onthophagus_nuchicornis_male",3.06487416130316,0.174209339261439,2.79576470538769,3.36494017544646,2.86996589943307,3.27852495364207,2.94096484960081,3.19026360008252,"untrtpd","untrtpd_3",8,"Onthophagus_nuchicornis_male"
